signal_date,engine,engine_version,ticker,score,label,rank
2026-06-19,bundle,aa2e590339,WDC,0.686422,STRONG_BUY,1
2026-06-19,bundle,aa2e590339,CRDO,0.669912,STRONG_BUY,2
2026-06-19,bundle,aa2e590339,CELH,0.63546,STRONG_BUY,3
2026-06-19,bundle,aa2e590339,INTC,0.428756,BUY,4
2026-06-19,bundle,aa2e590339,CRWV,0.400751,BUY,5
2026-06-19,bundle,aa2e590339,Q,0.397511,BUY,6
2026-06-19,bundle,aa2e590339,APH,0.379971,BUY,7
2026-06-19,bundle,aa2e590339,KO,0.376795,BUY,8
2026-06-19,bundle,aa2e590339,ONTO,0.341684,BUY,9
2026-06-19,bundle,aa2e590339,AMPG,0.258768,BUY,10
2026-06-19,bundle,aa2e590339,ELVR,0.244406,BUY,11
2026-06-19,bundle,aa2e590339,DRAM,0.221241,BUY,12
2026-06-19,bundle,aa2e590339,SOLS,0.165416,BUY,13
2026-06-19,bundle,aa2e590339,WULF,0.155993,BUY,14
2026-06-19,bundle,aa2e590339,NBIS,0.15055,BUY,15
2026-06-19,bundle,aa2e590339,ASMU,0.136136,BUY,16
2026-06-19,bundle,aa2e590339,AIPO,0.074488,BUY,17
2026-06-19,bundle,aa2e590339,ARM,0.071894,BUY,18
2026-06-19,baseline,d8db114bc8,O,0.746262,STRONG_BUY,1
2026-06-19,baseline,d8db114bc8,CRDO,0.734145,STRONG_BUY,2
2026-06-19,baseline,d8db114bc8,CELH,0.717608,STRONG_BUY,3
2026-06-19,baseline,d8db114bc8,WDC,0.683558,STRONG_BUY,4
2026-06-19,baseline,d8db114bc8,INTC,0.492783,BUY,5
2026-06-19,baseline,d8db114bc8,KO,0.473899,BUY,6
2026-06-19,baseline,d8db114bc8,Q,0.436661,BUY,7
2026-06-19,baseline,d8db114bc8,CRWV,0.431699,BUY,8
2026-06-19,baseline,d8db114bc8,NFLX,0.425037,BUY,9
2026-06-19,baseline,d8db114bc8,ONTO,0.370236,BUY,10
2026-06-19,baseline,d8db114bc8,NEE,0.301033,BUY,11
2026-06-19,baseline,d8db114bc8,ELVR,0.292897,BUY,12
2026-06-19,baseline,d8db114bc8,AMPG,0.287351,BUY,13
2026-06-19,baseline,d8db114bc8,APH,0.260064,BUY,14
2026-06-19,baseline,d8db114bc8,DRAM,0.237825,BUY,15
2026-06-19,baseline,d8db114bc8,WULF,0.178104,BUY,16
2026-06-19,baseline,d8db114bc8,SOLS,0.120868,BUY,17
2026-06-19,baseline,d8db114bc8,NBIS,0.10006,BUY,18
2026-06-19,baseline,d8db114bc8,ASMU,0.088588,BUY,19
2026-06-19,baseline,d8db114bc8,AIPO,0.07671,BUY,20
2026-06-19,baseline,d8db114bc8,ARM,0.023283,BUY,21
2026-06-19,bundle,aa2e590339,WDC,0.686422,STRONG_BUY,1
2026-06-19,bundle,aa2e590339,CRDO,0.669912,STRONG_BUY,2
2026-06-19,bundle,aa2e590339,CELH,0.63546,STRONG_BUY,3
2026-06-19,bundle,aa2e590339,ONTO,0.483443,BUY,4
2026-06-19,bundle,aa2e590339,INTC,0.428775,BUY,5
2026-06-19,bundle,aa2e590339,CRWV,0.400751,BUY,6
2026-06-19,bundle,aa2e590339,Q,0.397511,BUY,7
2026-06-19,bundle,aa2e590339,APH,0.379971,BUY,8
2026-06-19,bundle,aa2e590339,KO,0.376777,BUY,9
2026-06-19,bundle,aa2e590339,ELVR,0.301023,BUY,10
2026-06-19,bundle,aa2e590339,AMPG,0.258768,BUY,11
2026-06-19,bundle,aa2e590339,DRAM,0.221241,BUY,12
2026-06-19,bundle,aa2e590339,SOLS,0.200148,BUY,13
2026-06-19,bundle,aa2e590339,WULF,0.155993,BUY,14
2026-06-19,bundle,aa2e590339,NBIS,0.15055,BUY,15
2026-06-19,bundle,aa2e590339,ASMU,0.136136,BUY,16
2026-06-19,bundle,aa2e590339,AIPO,0.074488,BUY,17
2026-06-19,bundle,aa2e590339,ARM,0.071894,BUY,18
2026-06-19,baseline,d8db114bc8,O,0.746231,STRONG_BUY,1
2026-06-19,baseline,d8db114bc8,CRDO,0.734145,STRONG_BUY,2
2026-06-19,baseline,d8db114bc8,CELH,0.717608,STRONG_BUY,3
2026-06-19,baseline,d8db114bc8,WDC,0.683526,STRONG_BUY,4
2026-06-19,baseline,d8db114bc8,ONTO,0.525047,STRONG_BUY,5
2026-06-19,baseline,d8db114bc8,INTC,0.492752,BUY,6
2026-06-19,baseline,d8db114bc8,KO,0.473868,BUY,7
2026-06-19,baseline,d8db114bc8,Q,0.436661,BUY,8
2026-06-19,baseline,d8db114bc8,CRWV,0.431699,BUY,9
2026-06-19,baseline,d8db114bc8,NFLX,0.425037,BUY,10
2026-06-19,baseline,d8db114bc8,NEE,0.301002,BUY,11
2026-06-19,baseline,d8db114bc8,ELVR,0.300494,BUY,12
2026-06-19,baseline,d8db114bc8,AMPG,0.287351,BUY,13
2026-06-19,baseline,d8db114bc8,APH,0.260064,BUY,14
2026-06-19,baseline,d8db114bc8,DRAM,0.237825,BUY,15
2026-06-19,baseline,d8db114bc8,WULF,0.178104,BUY,16
2026-06-19,baseline,d8db114bc8,SOLS,0.147715,BUY,17
2026-06-19,baseline,d8db114bc8,NBIS,0.10006,BUY,18
2026-06-19,baseline,d8db114bc8,ASMU,0.088588,BUY,19
2026-06-19,baseline,d8db114bc8,AIPO,0.07671,BUY,20
2026-06-19,baseline,d8db114bc8,ARM,0.023283,BUY,21
2026-06-19,bundle,aa2e590339,WDC,0.686403,STRONG_BUY,1
2026-06-19,bundle,aa2e590339,CRDO,0.669912,STRONG_BUY,2
2026-06-19,bundle,aa2e590339,CELH,0.63546,STRONG_BUY,3
2026-06-19,bundle,aa2e590339,INTC,0.428775,BUY,4
2026-06-19,bundle,aa2e590339,CRWV,0.400751,BUY,5
2026-06-19,bundle,aa2e590339,Q,0.397511,BUY,6
2026-06-19,bundle,aa2e590339,APH,0.379971,BUY,7
2026-06-19,bundle,aa2e590339,KO,0.376795,BUY,8
2026-06-19,bundle,aa2e590339,ONTO,0.341684,BUY,9
2026-06-19,bundle,aa2e590339,AMPG,0.258768,BUY,10
2026-06-19,bundle,aa2e590339,ELVR,0.244406,BUY,11
2026-06-19,bundle,aa2e590339,DRAM,0.221241,BUY,12
2026-06-19,bundle,aa2e590339,SOLS,0.165416,BUY,13
2026-06-19,bundle,aa2e590339,WULF,0.155993,BUY,14
2026-06-19,bundle,aa2e590339,NBIS,0.15055,BUY,15
2026-06-19,bundle,aa2e590339,ASMU,0.136136,BUY,16
2026-06-19,bundle,aa2e590339,AIPO,0.074488,BUY,17
2026-06-19,bundle,aa2e590339,ARM,0.071894,BUY,18
2026-06-19,baseline,d8db114bc8,O,0.746231,STRONG_BUY,1
2026-06-19,baseline,d8db114bc8,CRDO,0.734145,STRONG_BUY,2
2026-06-19,baseline,d8db114bc8,CELH,0.717608,STRONG_BUY,3
2026-06-19,baseline,d8db114bc8,WDC,0.683526,STRONG_BUY,4
2026-06-19,baseline,d8db114bc8,INTC,0.492752,BUY,5
2026-06-19,baseline,d8db114bc8,KO,0.473868,BUY,6
2026-06-19,baseline,d8db114bc8,Q,0.436661,BUY,7
2026-06-19,baseline,d8db114bc8,CRWV,0.431699,BUY,8
2026-06-19,baseline,d8db114bc8,NFLX,0.425037,BUY,9
2026-06-19,baseline,d8db114bc8,ONTO,0.370236,BUY,10
2026-06-19,baseline,d8db114bc8,NEE,0.301002,BUY,11
2026-06-19,baseline,d8db114bc8,ELVR,0.292897,BUY,12
2026-06-19,baseline,d8db114bc8,AMPG,0.287351,BUY,13
2026-06-19,baseline,d8db114bc8,APH,0.260064,BUY,14
2026-06-19,baseline,d8db114bc8,DRAM,0.237825,BUY,15
2026-06-19,baseline,d8db114bc8,WULF,0.178104,BUY,16
2026-06-19,baseline,d8db114bc8,SOLS,0.120868,BUY,17
2026-06-19,baseline,d8db114bc8,NBIS,0.10006,BUY,18
2026-06-19,baseline,d8db114bc8,ASMU,0.088588,BUY,19
2026-06-19,baseline,d8db114bc8,AIPO,0.07671,BUY,20
2026-06-19,baseline,d8db114bc8,ARM,0.023283,BUY,21
2026-06-22,bundle,aa2e590339,WDC,0.943713,STRONG_BUY,1
2026-06-22,bundle,aa2e590339,DRAM,0.882219,STRONG_BUY,2
2026-06-22,bundle,aa2e590339,ONTO,0.832361,STRONG_BUY,3
2026-06-22,bundle,aa2e590339,APH,0.803808,STRONG_BUY,4
2026-06-22,bundle,aa2e590339,ASMU,0.731625,STRONG_BUY,5
2026-06-22,bundle,aa2e590339,Q,0.701205,STRONG_BUY,6
2026-06-22,bundle,aa2e590339,SOLS,0.662093,STRONG_BUY,7
2026-06-22,bundle,aa2e590339,INTC,0.657639,STRONG_BUY,8
2026-06-22,bundle,aa2e590339,AIPO,0.625743,STRONG_BUY,9
2026-06-22,bundle,aa2e590339,RIOT,0.603833,STRONG_BUY,10
2026-06-22,bundle,aa2e590339,NBIS,0.587239,STRONG_BUY,11
2026-06-22,bundle,aa2e590339,GLWG,0.584922,STRONG_BUY,12
2026-06-22,bundle,aa2e590339,CRWV,0.541977,STRONG_BUY,13
2026-06-22,bundle,aa2e590339,WULF,0.470306,BUY,14
2026-06-22,bundle,aa2e590339,POWL,0.423047,BUY,15
2026-06-22,bundle,aa2e590339,AMPG,0.407112,BUY,16
2026-06-22,bundle,aa2e590339,ELVR,0.32596,BUY,17
2026-06-22,bundle,aa2e590339,ARM,0.306182,BUY,18
2026-06-22,bundle,aa2e590339,MOD,0.201189,BUY,19
2026-06-22,bundle,aa2e590339,MRVU,0.090271,BUY,20
2026-06-22,bundle,aa2e590339,KO,0.016137,BUY,21
2026-06-22,baseline,d8db114bc8,WDC,1.017748,STRONG_BUY,1
2026-06-22,baseline,d8db114bc8,DRAM,0.991927,STRONG_BUY,2
2026-06-22,baseline,d8db114bc8,ONTO,0.931321,STRONG_BUY,3
2026-06-22,baseline,d8db114bc8,NVDA,0.90186,STRONG_BUY,4
2026-06-22,baseline,d8db114bc8,APH,0.879458,STRONG_BUY,5
2026-06-22,baseline,d8db114bc8,ASMU,0.78367,STRONG_BUY,6
2026-06-22,baseline,d8db114bc8,Q,0.778489,STRONG_BUY,7
2026-06-22,baseline,d8db114bc8,INTC,0.745024,STRONG_BUY,8
2026-06-22,baseline,d8db114bc8,AIPO,0.702261,STRONG_BUY,9
2026-06-22,baseline,d8db114bc8,RIOT,0.658389,STRONG_BUY,10
2026-06-22,baseline,d8db114bc8,SOLS,0.651888,STRONG_BUY,11
2026-06-22,baseline,d8db114bc8,GLWG,0.651283,STRONG_BUY,12
2026-06-22,baseline,d8db114bc8,CRWV,0.621645,STRONG_BUY,13
2026-06-22,baseline,d8db114bc8,WULF,0.544914,STRONG_BUY,14
2026-06-22,baseline,d8db114bc8,AMPG,0.45804,BUY,15
2026-06-22,baseline,d8db114bc8,ELVR,0.363392,BUY,16
2026-06-22,baseline,d8db114bc8,ARM,0.338143,BUY,17
2026-06-22,baseline,d8db114bc8,POWL,0.326817,BUY,18
2026-06-22,baseline,d8db114bc8,IMSR,0.205051,BUY,19
2026-06-22,baseline,d8db114bc8,MOD,0.204394,BUY,20
2026-06-22,baseline,d8db114bc8,NBIS,0.152474,BUY,21
2026-06-22,baseline,d8db114bc8,ENB,0.121216,BUY,22
2026-06-22,baseline,d8db114bc8,MRVU,0.091792,BUY,23
2026-06-22,baseline,d8db114bc8,KO,0.035884,BUY,24
2026-06-23,bundle,aa2e590339,NBIS,0.836855,STRONG_BUY,1
2026-06-23,bundle,aa2e590339,IRM,0.776189,STRONG_BUY,2
2026-06-23,bundle,aa2e590339,WDC,0.612699,STRONG_BUY,3
2026-06-23,bundle,aa2e590339,SOLS,0.500781,STRONG_BUY,4
2026-06-23,bundle,aa2e590339,RIOT,0.483919,STRONG_BUY,5
2026-06-23,bundle,aa2e590339,ELVR,0.45078,BUY,6
2026-06-23,bundle,aa2e590339,ONTO,0.385984,BUY,7
2026-06-23,bundle,aa2e590339,INFQ,0.382052,BUY,8
2026-06-23,bundle,aa2e590339,AIPO,0.37828,BUY,9
2026-06-23,bundle,aa2e590339,IMSR,0.351625,BUY,10
2026-06-23,bundle,aa2e590339,Q,0.344341,BUY,11
2026-06-23,bundle,aa2e590339,APH,0.322249,BUY,12
2026-06-23,bundle,aa2e590339,WULF,0.292366,BUY,13
2026-06-23,bundle,aa2e590339,DRAM,0.291265,BUY,14
2026-06-23,bundle,aa2e590339,O,0.275951,BUY,15
2026-06-23,bundle,aa2e590339,INTC,0.250361,BUY,16
2026-06-23,bundle,aa2e590339,ENB,0.232508,BUY,17
2026-06-23,bundle,aa2e590339,GLWG,0.168275,BUY,18
2026-06-23,bundle,aa2e590339,MOD,0.132267,BUY,19
2026-06-23,bundle,aa2e590339,ARM,0.088265,BUY,20
2026-06-23,bundle,aa2e590339,POWL,0.04973,BUY,21
2026-06-23,bundle,aa2e590339,KO,0.009681,BUY,22
2026-06-23,baseline,d8db114bc8,NBIS,0.933788,STRONG_BUY,1
2026-06-23,baseline,d8db114bc8,WDC,0.655366,STRONG_BUY,2
2026-06-23,baseline,d8db114bc8,ALM,0.606351,STRONG_BUY,3
2026-06-23,baseline,d8db114bc8,LEU,0.534291,STRONG_BUY,4
2026-06-23,baseline,d8db114bc8,RIOT,0.528351,STRONG_BUY,5
2026-06-23,baseline,d8db114bc8,ELVR,0.489177,BUY,6
2026-06-23,baseline,d8db114bc8,SOLS,0.477313,BUY,7
2026-06-23,baseline,d8db114bc8,AIPO,0.429319,BUY,8
2026-06-23,baseline,d8db114bc8,INFQ,0.428968,BUY,9
2026-06-23,baseline,d8db114bc8,ONTO,0.423582,BUY,10
2026-06-23,baseline,d8db114bc8,NEE,0.413809,BUY,11
2026-06-23,baseline,d8db114bc8,IMSR,0.406153,BUY,12
2026-06-23,baseline,d8db114bc8,Q,0.38306,BUY,13
2026-06-23,baseline,d8db114bc8,APH,0.337664,BUY,14
2026-06-23,baseline,d8db114bc8,O,0.32432,BUY,15
2026-06-23,baseline,d8db114bc8,DRAM,0.32079,BUY,16
2026-06-23,baseline,d8db114bc8,WULF,0.314602,BUY,17
2026-06-23,baseline,d8db114bc8,INTC,0.286587,BUY,18
2026-06-23,baseline,d8db114bc8,ENB,0.271365,BUY,19
2026-06-23,baseline,d8db114bc8,GLWG,0.188891,BUY,20
2026-06-23,baseline,d8db114bc8,MOD,0.135511,BUY,21
2026-06-23,baseline,d8db114bc8,ARM,0.091587,BUY,22
2026-06-23,baseline,d8db114bc8,KO,0.020931,BUY,23
2026-06-24,bundle,aa2e590339,WYY,1.044263,STRONG_BUY,1
2026-06-24,bundle,aa2e590339,SOLS,0.560496,STRONG_BUY,2
2026-06-24,bundle,aa2e590339,GLWG,0.547278,STRONG_BUY,3
2026-06-24,bundle,aa2e590339,NBIS,0.496793,BUY,4
2026-06-24,bundle,aa2e590339,WDC,0.492538,BUY,5
2026-06-24,bundle,aa2e590339,AIPO,0.385676,BUY,6
2026-06-24,bundle,aa2e590339,RIOT,0.359205,BUY,7
2026-06-24,bundle,aa2e590339,INFQ,0.354249,BUY,8
2026-06-24,bundle,aa2e590339,ONTO,0.346634,BUY,9
2026-06-24,bundle,aa2e590339,ARM,0.343677,BUY,10
2026-06-24,bundle,aa2e590339,IMSR,0.312807,BUY,11
2026-06-24,bundle,aa2e590339,INTC,0.29047,BUY,12
2026-06-24,bundle,aa2e590339,DRAM,0.282749,BUY,13
2026-06-24,bundle,aa2e590339,ELVR,0.281014,BUY,14
2026-06-24,bundle,aa2e590339,NEE,0.2785,BUY,15
2026-06-24,bundle,aa2e590339,Q,0.262139,BUY,16
2026-06-24,bundle,aa2e590339,POWL,0.231945,BUY,17
2026-06-24,bundle,aa2e590339,MOD,0.196733,BUY,18
2026-06-24,bundle,aa2e590339,WOLF,0.190336,BUY,19
2026-06-24,bundle,aa2e590339,WULF,0.138139,BUY,20
2026-06-24,bundle,aa2e590339,ENB,0.095724,BUY,21
2026-06-24,bundle,aa2e590339,DELL,0.070932,BUY,22
2026-06-24,baseline,d8db114bc8,EXE,1.16717,STRONG_BUY,1
2026-06-24,baseline,d8db114bc8,GSAT,1.028489,STRONG_BUY,2
2026-06-24,baseline,d8db114bc8,GLWG,0.610816,STRONG_BUY,3
2026-06-24,baseline,d8db114bc8,NBIS,0.555189,STRONG_BUY,4
2026-06-24,baseline,d8db114bc8,SOLS,0.541137,STRONG_BUY,5
2026-06-24,baseline,d8db114bc8,WDC,0.536146,STRONG_BUY,6
2026-06-24,baseline,d8db114bc8,LEU,0.528411,STRONG_BUY,7
2026-06-24,baseline,d8db114bc8,AIPO,0.44268,BUY,8
2026-06-24,baseline,d8db114bc8,INFQ,0.403339,BUY,9
2026-06-24,baseline,d8db114bc8,ARM,0.388862,BUY,10
2026-06-24,baseline,d8db114bc8,RIOT,0.387627,BUY,11
2026-06-24,baseline,d8db114bc8,ONTO,0.369935,BUY,12
2026-06-24,baseline,d8db114bc8,IMSR,0.368407,BUY,13
2026-06-24,baseline,d8db114bc8,INTC,0.336833,BUY,14
2026-06-24,baseline,d8db114bc8,DRAM,0.311297,BUY,15
2026-06-24,baseline,d8db114bc8,ELVR,0.309742,BUY,16
2026-06-24,baseline,d8db114bc8,NEE,0.296417,BUY,17
2026-06-24,baseline,d8db114bc8,Q,0.294289,BUY,18
2026-06-24,baseline,d8db114bc8,POWL,0.254325,BUY,19
2026-06-24,baseline,d8db114bc8,WULF,0.146237,BUY,20
2026-06-24,baseline,d8db114bc8,MOD,0.127267,BUY,21
2026-06-24,baseline,d8db114bc8,ENB,0.114914,BUY,22
2026-06-24,baseline,d8db114bc8,DELL,0.072131,BUY,23
2026-06-25,bundle,aa2e590339,LBRX,0.906073,STRONG_BUY,1
2026-06-25,bundle,aa2e590339,MOD,0.813014,STRONG_BUY,2
2026-06-25,bundle,aa2e590339,POWL,0.790183,STRONG_BUY,3
2026-06-25,bundle,aa2e590339,WDC,0.711786,STRONG_BUY,4
2026-06-25,bundle,aa2e590339,GLWG,0.683357,STRONG_BUY,5
2026-06-25,bundle,aa2e590339,SOLS,0.629996,STRONG_BUY,6
2026-06-25,bundle,aa2e590339,DRAM,0.560206,STRONG_BUY,7
2026-06-25,bundle,aa2e590339,AIPO,0.558919,STRONG_BUY,8
2026-06-25,bundle,aa2e590339,RIOT,0.545742,STRONG_BUY,9
2026-06-25,bundle,aa2e590339,ONTO,0.527509,STRONG_BUY,10
2026-06-25,bundle,aa2e590339,NBIS,0.521807,STRONG_BUY,11
2026-06-25,bundle,aa2e590339,ARM,0.508499,STRONG_BUY,12
2026-06-25,bundle,aa2e590339,WULF,0.445744,BUY,13
2026-06-25,bundle,aa2e590339,Q,0.439333,BUY,14
2026-06-25,bundle,aa2e590339,INTC,0.35328,BUY,15
2026-06-25,bundle,aa2e590339,IMSR,0.324378,BUY,16
2026-06-25,bundle,aa2e590339,APH,0.270888,BUY,17
2026-06-25,bundle,aa2e590339,NEE,0.257131,BUY,18
2026-06-25,bundle,aa2e590339,DELL,0.167592,BUY,19
2026-06-25,bundle,aa2e590339,MRVU,0.108542,BUY,20
2026-06-25,baseline,d8db114bc8,LBRX,0.931565,STRONG_BUY,1
2026-06-25,baseline,d8db114bc8,MOD,0.823424,STRONG_BUY,2
2026-06-25,baseline,d8db114bc8,WDC,0.787892,STRONG_BUY,3
2026-06-25,baseline,d8db114bc8,POWL,0.755648,STRONG_BUY,4
2026-06-25,baseline,d8db114bc8,GLWG,0.743394,STRONG_BUY,5
2026-06-25,baseline,d8db114bc8,LEU,0.637818,STRONG_BUY,6
2026-06-25,baseline,d8db114bc8,AIPO,0.634829,STRONG_BUY,7
2026-06-25,baseline,d8db114bc8,RIOT,0.620495,STRONG_BUY,8
2026-06-25,baseline,d8db114bc8,SOLS,0.619849,STRONG_BUY,9
2026-06-25,baseline,d8db114bc8,DRAM,0.613845,STRONG_BUY,10
2026-06-25,baseline,d8db114bc8,NBIS,0.590186,STRONG_BUY,11
2026-06-25,baseline,d8db114bc8,ARM,0.57929,STRONG_BUY,12
2026-06-25,baseline,d8db114bc8,WOLF,0.565647,STRONG_BUY,13
2026-06-25,baseline,d8db114bc8,WULF,0.504374,STRONG_BUY,14
2026-06-25,baseline,d8db114bc8,Q,0.490751,BUY,15
2026-06-25,baseline,d8db114bc8,INTC,0.405598,BUY,16
2026-06-25,baseline,d8db114bc8,IMSR,0.383345,BUY,17
2026-06-25,baseline,d8db114bc8,APH,0.273179,BUY,18
2026-06-25,baseline,d8db114bc8,NEE,0.257936,BUY,19
2026-06-25,baseline,d8db114bc8,DELL,0.181619,BUY,20
2026-06-25,baseline,d8db114bc8,MRVU,0.11961,BUY,21
2026-06-25,baseline,d8db114bc8,ONTO,0.049769,BUY,22
2026-06-28,bundle,aa2e590339,LBRX,0.92216,STRONG_BUY,1
2026-06-28,bundle,aa2e590339,ABBV,0.849622,STRONG_BUY,2
2026-06-28,bundle,aa2e590339,DTM,0.555248,STRONG_BUY,3
2026-06-28,bundle,aa2e590339,NEE,0.525797,STRONG_BUY,4
2026-06-28,bundle,aa2e590339,JNJ,0.47788,BUY,5
2026-06-28,bundle,aa2e590339,GLWG,0.402571,BUY,6
2026-06-28,bundle,aa2e590339,WOLF,0.252754,BUY,7
2026-06-28,bundle,aa2e590339,RIOT,0.208905,BUY,8
2026-06-28,bundle,aa2e590339,AIPO,0.204485,BUY,9
2026-06-28,bundle,aa2e590339,WDC,0.139588,BUY,10
2026-06-28,bundle,aa2e590339,SOLS,0.135696,BUY,11
2026-06-28,bundle,aa2e590339,NBIS,0.112214,BUY,12
2026-06-28,bundle,aa2e590339,Q,0.100809,BUY,13
2026-06-28,bundle,aa2e590339,INTC,0.100278,BUY,14
2026-06-28,bundle,aa2e590339,DRAM,0.069867,BUY,15
2026-06-28,bundle,aa2e590339,APH,0.06656,BUY,16
2026-06-28,bundle,aa2e590339,DELL,0.045225,BUY,17
2026-06-28,bundle,aa2e590339,WULF,0.008452,BUY,18
2026-06-28,baseline,d8db114bc8,LBRX,0.916183,STRONG_BUY,1
2026-06-28,baseline,d8db114bc8,AM,0.854544,STRONG_BUY,2
2026-06-28,baseline,d8db114bc8,DTM,0.630251,STRONG_BUY,3
2026-06-28,baseline,d8db114bc8,GLWG,0.440723,BUY,4
2026-06-28,baseline,d8db114bc8,JNJ,0.420614,BUY,5
2026-06-28,baseline,d8db114bc8,NEE,0.393438,BUY,6
2026-06-28,baseline,d8db114bc8,WOLF,0.295371,BUY,7
2026-06-28,baseline,d8db114bc8,AIPO,0.238886,BUY,8
2026-06-28,baseline,d8db114bc8,RIOT,0.216548,BUY,9
2026-06-28,baseline,d8db114bc8,SOLS,0.20451,BUY,10
2026-06-28,baseline,d8db114bc8,WDC,0.142468,BUY,11
2026-06-28,baseline,d8db114bc8,NBIS,0.134012,BUY,12
2026-06-28,baseline,d8db114bc8,INTC,0.118244,BUY,13
2026-06-28,baseline,d8db114bc8,Q,0.101611,BUY,14
2026-06-28,baseline,d8db114bc8,DRAM,0.075023,BUY,15
2026-06-28,baseline,d8db114bc8,APH,0.030108,BUY,16
2026-06-28,baseline,d8db114bc8,DELL,0.028955,BUY,17
2026-06-28,baseline,d8db114bc8,WULF,0.024323,BUY,18
2026-06-29,bundle,aa2e590339,LBRX,0.949612,STRONG_BUY,1
2026-06-29,bundle,aa2e590339,NTRA,0.888534,STRONG_BUY,2
2026-06-29,bundle,aa2e590339,TEM,0.870534,STRONG_BUY,3
2026-06-29,bundle,aa2e590339,GLWG,0.655223,STRONG_BUY,4
2026-06-29,bundle,aa2e590339,RDDT,0.653307,STRONG_BUY,5
2026-06-29,bundle,aa2e590339,GLW,0.590289,STRONG_BUY,6
2026-06-29,bundle,aa2e590339,JNJ,0.401259,BUY,7
2026-06-29,bundle,aa2e590339,WOLF,0.306157,BUY,8
2026-06-29,bundle,aa2e590339,INFQ,0.225973,BUY,9
2026-06-29,bundle,aa2e590339,NBIS,0.139337,BUY,10
2026-06-29,bundle,aa2e590339,AIPO,0.127169,BUY,11
2026-06-29,bundle,aa2e590339,WDC,0.082417,BUY,12
2026-06-29,bundle,aa2e590339,DELL,0.079339,BUY,13
2026-06-29,bundle,aa2e590339,RIOT,0.072259,BUY,14
2026-06-29,bundle,aa2e590339,Q,0.06406,BUY,15
2026-06-29,bundle,aa2e590339,APH,0.060407,BUY,16
2026-06-29,bundle,aa2e590339,DRAM,0.052497,BUY,17
2026-06-29,baseline,d8db114bc8,GSAT,0.960203,STRONG_BUY,1
2026-06-29,baseline,d8db114bc8,LBRX,0.907795,STRONG_BUY,2
2026-06-29,baseline,d8db114bc8,TEM,0.792052,STRONG_BUY,3
2026-06-29,baseline,d8db114bc8,GLWG,0.704756,STRONG_BUY,4
2026-06-29,baseline,d8db114bc8,GLW,0.664884,STRONG_BUY,5
2026-06-29,baseline,d8db114bc8,RDDT,0.636066,STRONG_BUY,6
2026-06-29,baseline,d8db114bc8,JNJ,0.444952,BUY,7
2026-06-29,baseline,d8db114bc8,WOLF,0.356047,BUY,8
2026-06-29,baseline,d8db114bc8,INFQ,0.254018,BUY,9
2026-06-29,baseline,d8db114bc8,NBIS,0.161968,BUY,10
2026-06-29,baseline,d8db114bc8,AIPO,0.145369,BUY,11
2026-06-29,baseline,d8db114bc8,ENB,0.094868,BUY,12
2026-06-29,baseline,d8db114bc8,WDC,0.088325,BUY,13
2026-06-29,baseline,d8db114bc8,RIOT,0.073037,BUY,14
2026-06-29,baseline,d8db114bc8,DELL,0.071814,BUY,15
2026-06-29,baseline,d8db114bc8,DRAM,0.054593,BUY,16
2026-06-29,baseline,d8db114bc8,APH,0.048411,BUY,17
2026-06-29,baseline,d8db114bc8,Q,0.025421,BUY,18
2026-06-30,bundle,aa2e590339,GIBO,1.43049,STRONG_BUY,1
2026-06-30,bundle,aa2e590339,BBIO,0.902934,STRONG_BUY,2
2026-06-30,bundle,aa2e590339,NTRA,0.770855,STRONG_BUY,3
2026-06-30,bundle,aa2e590339,LBRX,0.632692,STRONG_BUY,4
2026-06-30,bundle,aa2e590339,ABBV,0.612314,STRONG_BUY,5
2026-06-30,bundle,aa2e590339,GLWG,0.565048,STRONG_BUY,6
2026-06-30,bundle,aa2e590339,GLW,0.478569,BUY,7
2026-06-30,bundle,aa2e590339,JNJ,0.447384,BUY,8
2026-06-30,bundle,aa2e590339,APH,0.283815,BUY,9
2026-06-30,bundle,aa2e590339,HG,0.247275,BUY,10
2026-06-30,bundle,aa2e590339,DTM,0.203014,BUY,11
2026-06-30,bundle,aa2e590339,WOLF,0.100583,BUY,12
2026-06-30,bundle,aa2e590339,DELL,0.086324,BUY,13
2026-06-30,baseline,d8db114bc8,GIBO,1.35,STRONG_BUY,1
2026-06-30,baseline,d8db114bc8,JXG,1.202346,STRONG_BUY,2
2026-06-30,baseline,d8db114bc8,EPD,1.065895,STRONG_BUY,3
2026-06-30,baseline,d8db114bc8,NTRA,0.735933,STRONG_BUY,4
2026-06-30,baseline,d8db114bc8,LBRX,0.72455,STRONG_BUY,5
2026-06-30,baseline,d8db114bc8,ABBV,0.679497,STRONG_BUY,6
2026-06-30,baseline,d8db114bc8,GLWG,0.616749,STRONG_BUY,7
2026-06-30,baseline,d8db114bc8,GLW,0.542726,STRONG_BUY,8
2026-06-30,baseline,d8db114bc8,KRMN,0.482844,STRONG_BUY,9
2026-06-30,baseline,d8db114bc8,APH,0.25139,BUY,10
2026-06-30,baseline,d8db114bc8,WOLF,0.115078,BUY,11
2026-06-30,baseline,d8db114bc8,JNJ,0.004141,BUY,12
2026-07-01,bundle,aa2e590339,DCO,1.034634,STRONG_BUY,1
2026-07-01,bundle,aa2e590339,TSCO,0.891162,STRONG_BUY,2
2026-07-01,bundle,aa2e590339,IBRX,0.888351,STRONG_BUY,3
2026-07-01,bundle,aa2e590339,NTRA,0.779748,STRONG_BUY,4
2026-07-01,bundle,aa2e590339,RDDT,0.769569,STRONG_BUY,5
2026-07-01,bundle,aa2e590339,LBRX,0.667217,STRONG_BUY,6
2026-07-01,bundle,aa2e590339,GME,0.619068,STRONG_BUY,7
2026-07-01,bundle,aa2e590339,KRMN,0.4868,STRONG_BUY,8
2026-07-01,bundle,aa2e590339,JNJ,0.472609,BUY,9
2026-07-01,bundle,aa2e590339,GLWG,0.373557,BUY,10
2026-07-01,bundle,aa2e590339,WOLF,0.123324,BUY,11
2026-07-01,bundle,aa2e590339,KO,0.108075,BUY,12
2026-07-01,bundle,aa2e590339,INTC,0.107326,BUY,13
2026-07-01,bundle,aa2e590339,DELL,0.104267,BUY,14
2026-07-01,bundle,aa2e590339,NFLX,0.084421,BUY,15
2026-07-01,bundle,aa2e590339,APH,0.036616,BUY,16
2026-07-01,bundle,aa2e590339,ONTO,0.017395,BUY,17
2026-07-01,baseline,d8db114bc8,GSAT,1.262512,STRONG_BUY,1
2026-07-01,baseline,d8db114bc8,DCO,1.122953,STRONG_BUY,2
2026-07-01,baseline,d8db114bc8,IBRX,0.922885,STRONG_BUY,3
2026-07-01,baseline,d8db114bc8,IRTC,0.920824,STRONG_BUY,4
2026-07-01,baseline,d8db114bc8,LBRX,0.769879,STRONG_BUY,5
2026-07-01,baseline,d8db114bc8,RDDT,0.648835,STRONG_BUY,6
2026-07-01,baseline,d8db114bc8,GME,0.590855,STRONG_BUY,7
2026-07-01,baseline,d8db114bc8,KRMN,0.549121,STRONG_BUY,8
2026-07-01,baseline,d8db114bc8,GLWG,0.420446,BUY,9
2026-07-01,baseline,d8db114bc8,WOLF,0.14685,BUY,10
2026-07-01,baseline,d8db114bc8,NFLX,0.115507,BUY,11
2026-07-01,baseline,d8db114bc8,INTC,0.114733,BUY,12
2026-07-01,baseline,d8db114bc8,DELL,0.099696,BUY,13
2026-07-01,baseline,d8db114bc8,JNJ,0.028999,BUY,14
2026-07-01,baseline,d8db114bc8,APH,0.00647,BUY,15
2026-07-01,baseline,d8db114bc8,KO,0.00107,BUY,16
2026-07-02,bundle,aa2e590339,WELL,1.01129,STRONG_BUY,1
2026-07-02,bundle,aa2e590339,FAST,0.848491,STRONG_BUY,2
2026-07-02,bundle,aa2e590339,RDDT,0.827013,STRONG_BUY,3
2026-07-02,bundle,aa2e590339,PGR,0.819989,STRONG_BUY,4
2026-07-02,bundle,aa2e590339,IBRX,0.797326,STRONG_BUY,5
2026-07-02,bundle,aa2e590339,O,0.727756,STRONG_BUY,6
2026-07-02,bundle,aa2e590339,JNJ,0.706232,STRONG_BUY,7
2026-07-02,bundle,aa2e590339,GME,0.632884,STRONG_BUY,8
2026-07-02,bundle,aa2e590339,KO,0.601977,STRONG_BUY,9
2026-07-02,bundle,aa2e590339,CELH,0.588149,STRONG_BUY,10
2026-07-02,bundle,aa2e590339,KRMN,0.494726,STRONG_BUY,11
2026-07-02,bundle,aa2e590339,NFLX,0.452262,BUY,12
2026-07-02,bundle,aa2e590339,ENB,0.300665,BUY,13
2026-07-02,bundle,aa2e590339,LBRX,0.281216,BUY,14
2026-07-02,bundle,aa2e590339,NEE,0.248245,BUY,15
2026-07-02,bundle,aa2e590339,GLWG,0.15106,BUY,16
2026-07-02,baseline,d8db114bc8,ALIT,1.35,STRONG_BUY,1
2026-07-02,baseline,d8db114bc8,GSAT,0.996941,STRONG_BUY,2
2026-07-02,baseline,d8db114bc8,WELL,0.996605,STRONG_BUY,3
2026-07-02,baseline,d8db114bc8,IRTC,0.98496,STRONG_BUY,4
2026-07-02,baseline,d8db114bc8,NATL,0.928575,STRONG_BUY,5
2026-07-02,baseline,d8db114bc8,O,0.820456,STRONG_BUY,6
2026-07-02,baseline,d8db114bc8,JNJ,0.791356,STRONG_BUY,7
2026-07-02,baseline,d8db114bc8,ENB,0.662886,STRONG_BUY,8
2026-07-02,baseline,d8db114bc8,RDDT,0.660375,STRONG_BUY,9
2026-07-02,baseline,d8db114bc8,KO,0.563252,STRONG_BUY,10
2026-07-02,baseline,d8db114bc8,KRMN,0.556394,STRONG_BUY,11
2026-07-02,baseline,d8db114bc8,NFLX,0.531856,STRONG_BUY,12
2026-07-02,baseline,d8db114bc8,CELH,0.480038,STRONG_BUY,13
2026-07-02,baseline,d8db114bc8,LBRX,0.314979,BUY,14
2026-07-02,baseline,d8db114bc8,GLWG,0.194955,BUY,15
2026-07-02,baseline,d8db114bc8,Q,0.020543,BUY,16
2026-07-03,bundle,aa2e590339,GPC,1.215305,STRONG_BUY,1
2026-07-03,bundle,aa2e590339,IRTC,0.891287,STRONG_BUY,2
2026-07-03,bundle,aa2e590339,AJG,0.866974,STRONG_BUY,3
2026-07-03,bundle,aa2e590339,FAST,0.849491,STRONG_BUY,4
2026-07-03,bundle,aa2e590339,BRO,0.841414,STRONG_BUY,5
2026-07-03,bundle,aa2e590339,IBRX,0.797678,STRONG_BUY,6
2026-07-03,bundle,aa2e590339,O,0.727859,STRONG_BUY,7
2026-07-03,bundle,aa2e590339,JNJ,0.706393,STRONG_BUY,8
2026-07-03,bundle,aa2e590339,ABBV,0.662939,STRONG_BUY,9
2026-07-03,bundle,aa2e590339,GME,0.632988,STRONG_BUY,10
2026-07-03,bundle,aa2e590339,KO,0.60463,STRONG_BUY,11
2026-07-03,bundle,aa2e590339,CELH,0.58823,STRONG_BUY,12
2026-07-03,bundle,aa2e590339,NFLX,0.452057,BUY,13
2026-07-03,bundle,aa2e590339,ENB,0.300695,BUY,14
2026-07-03,bundle,aa2e590339,NEE,0.258844,BUY,15
2026-07-03,bundle,aa2e590339,GLWG,0.150831,BUY,16
2026-07-03,baseline,d8db114bc8,ALIT,1.35,STRONG_BUY,1
2026-07-03,baseline,d8db114bc8,GSAT,0.996941,STRONG_BUY,2
2026-07-03,baseline,d8db114bc8,WELL,0.996605,STRONG_BUY,3
2026-07-03,baseline,d8db114bc8,IRTC,0.98496,STRONG_BUY,4
2026-07-03,baseline,d8db114bc8,NATL,0.928575,STRONG_BUY,5
2026-07-03,baseline,d8db114bc8,O,0.820456,STRONG_BUY,6
2026-07-03,baseline,d8db114bc8,JNJ,0.791356,STRONG_BUY,7
2026-07-03,baseline,d8db114bc8,ENB,0.662855,STRONG_BUY,8
2026-07-03,baseline,d8db114bc8,RDDT,0.660375,STRONG_BUY,9
2026-07-03,baseline,d8db114bc8,KO,0.563252,STRONG_BUY,10
2026-07-03,baseline,d8db114bc8,KRMN,0.556394,STRONG_BUY,11
2026-07-03,baseline,d8db114bc8,NFLX,0.531856,STRONG_BUY,12
2026-07-03,baseline,d8db114bc8,CELH,0.480038,STRONG_BUY,13
2026-07-03,baseline,d8db114bc8,LBRX,0.314979,BUY,14
2026-07-03,baseline,d8db114bc8,GLWG,0.194955,BUY,15
2026-07-03,baseline,d8db114bc8,Q,0.020543,BUY,16
2026-07-06,bundle,aa2e590339,DVA,0.937241,STRONG_BUY,1
2026-07-06,bundle,aa2e590339,DCO,0.718155,STRONG_BUY,2
2026-07-06,bundle,aa2e590339,COR,0.714168,STRONG_BUY,3
2026-07-06,bundle,aa2e590339,JNJ,0.669738,STRONG_BUY,4
2026-07-06,bundle,aa2e590339,ABBV,0.597289,STRONG_BUY,5
2026-07-06,bundle,aa2e590339,FTNT,0.593246,STRONG_BUY,6
2026-07-06,bundle,aa2e590339,O,0.585507,STRONG_BUY,7
2026-07-06,bundle,aa2e590339,HG,0.58111,STRONG_BUY,8
2026-07-06,bundle,aa2e590339,CRWD,0.560906,STRONG_BUY,9
2026-07-06,bundle,aa2e590339,GME,0.423906,BUY,10
2026-07-06,bundle,aa2e590339,KO,0.411754,BUY,11
2026-07-06,bundle,aa2e590339,CELH,0.312271,BUY,12
2026-07-06,bundle,aa2e590339,NFLX,0.237037,BUY,13
2026-07-06,bundle,aa2e590339,ENB,0.04771,BUY,14
2026-07-06,baseline,d8db114bc8,THC,1.085116,STRONG_BUY,1
2026-07-06,baseline,d8db114bc8,DVA,1.03273,STRONG_BUY,2
2026-07-06,baseline,d8db114bc8,IMO,0.966538,STRONG_BUY,3
2026-07-06,baseline,d8db114bc8,EQT,0.895447,STRONG_BUY,4
2026-07-06,baseline,d8db114bc8,COR,0.807969,STRONG_BUY,5
2026-07-06,baseline,d8db114bc8,HG,0.644294,STRONG_BUY,6
2026-07-06,baseline,d8db114bc8,CRWD,0.622682,STRONG_BUY,7
2026-07-06,baseline,d8db114bc8,PLTR,0.599059,STRONG_BUY,8
2026-07-06,baseline,d8db114bc8,CELH,0.336728,BUY,9
2026-07-06,baseline,d8db114bc8,LBRX,0.326819,BUY,10
2026-07-06,baseline,d8db114bc8,NFLX,0.286313,BUY,11
2026-07-06,baseline,d8db114bc8,JNJ,0.257879,BUY,12
2026-07-06,baseline,d8db114bc8,O,0.167176,BUY,13
2026-07-06,baseline,d8db114bc8,ENB,0.062421,BUY,14
2026-07-07,bundle,aa2e590339,CLRO,1.268831,STRONG_BUY,1
2026-07-07,bundle,aa2e590339,SIF,0.991189,STRONG_BUY,2
2026-07-07,bundle,aa2e590339,TEM,0.793826,STRONG_BUY,3
2026-07-07,bundle,aa2e590339,PLTR,0.720184,STRONG_BUY,4
2026-07-07,bundle,aa2e590339,JNJ,0.617811,STRONG_BUY,5
2026-07-07,bundle,aa2e590339,CRWD,0.597762,STRONG_BUY,6
2026-07-07,bundle,aa2e590339,SOBO,0.592424,STRONG_BUY,7
2026-07-07,bundle,aa2e590339,LBRX,0.513884,STRONG_BUY,8
2026-07-07,bundle,aa2e590339,NFLX,0.504783,STRONG_BUY,9
2026-07-07,bundle,aa2e590339,O,0.497316,BUY,10
2026-07-07,bundle,aa2e590339,CELH,0.453546,BUY,11
2026-07-07,bundle,aa2e590339,KO,0.437217,BUY,12
2026-07-07,bundle,aa2e590339,RDDT,0.429902,BUY,13
2026-07-07,bundle,aa2e590339,ENB,0.393859,BUY,14
2026-07-07,bundle,aa2e590339,HG,0.331836,BUY,15
2026-07-07,baseline,d8db114bc8,CLRO,1.299228,STRONG_BUY,1
2026-07-07,baseline,d8db114bc8,SIF,1.040183,STRONG_BUY,2
2026-07-07,baseline,d8db114bc8,GSAT,0.918705,STRONG_BUY,3
2026-07-07,baseline,d8db114bc8,TEM,0.840731,STRONG_BUY,4
2026-07-07,baseline,d8db114bc8,PM,0.815521,STRONG_BUY,5
2026-07-07,baseline,d8db114bc8,PLTR,0.76747,STRONG_BUY,6
2026-07-07,baseline,d8db114bc8,JNJ,0.69308,STRONG_BUY,7
2026-07-07,baseline,d8db114bc8,SOBO,0.67832,STRONG_BUY,8
2026-07-07,baseline,d8db114bc8,CRWD,0.661384,STRONG_BUY,9
2026-07-07,baseline,d8db114bc8,NFLX,0.591039,STRONG_BUY,10
2026-07-07,baseline,d8db114bc8,LBRX,0.575028,STRONG_BUY,11
2026-07-07,baseline,d8db114bc8,O,0.564038,STRONG_BUY,12
2026-07-07,baseline,d8db114bc8,CELH,0.511501,STRONG_BUY,13
2026-07-07,baseline,d8db114bc8,KO,0.487988,BUY,14
2026-07-07,baseline,d8db114bc8,ENB,0.450713,BUY,15
2026-07-08,bundle,aa2e590339,CLRO,0.813276,STRONG_BUY,1
2026-07-08,bundle,aa2e590339,IMO,0.565072,STRONG_BUY,2
2026-07-08,bundle,aa2e590339,CELH,0.529374,STRONG_BUY,3
2026-07-08,bundle,aa2e590339,DDOG,0.512094,STRONG_BUY,4
2026-07-08,bundle,aa2e590339,GFI,0.467442,STRONG_BUY,5
2026-07-08,bundle,aa2e590339,CRWD,0.456188,BUY,6
2026-07-08,bundle,aa2e590339,ANET,0.415801,BUY,7
2026-07-08,bundle,aa2e590339,NFLX,0.402474,BUY,8
2026-07-08,bundle,aa2e590339,AGI,0.399468,BUY,9
2026-07-08,bundle,aa2e590339,JNJ,0.281642,BUY,10
2026-07-08,bundle,aa2e590339,GME,0.255214,BUY,11
2026-07-08,bundle,aa2e590339,KO,0.239273,BUY,12
2026-07-08,bundle,aa2e590339,HG,0.177422,BUY,13
2026-07-08,bundle,aa2e590339,ENB,0.005418,BUY,14
2026-07-08,baseline,d8db114bc8,CLRO,0.88666,STRONG_BUY,1
2026-07-08,baseline,d8db114bc8,GSAT,0.793642,STRONG_BUY,2
2026-07-08,baseline,d8db114bc8,IMO,0.650353,STRONG_BUY,3
2026-07-08,baseline,d8db114bc8,CELH,0.604769,STRONG_BUY,4
2026-07-08,baseline,d8db114bc8,DDOG,0.592312,STRONG_BUY,5
2026-07-08,baseline,d8db114bc8,GFI,0.545703,STRONG_BUY,6
2026-07-08,baseline,d8db114bc8,CRWD,0.504527,STRONG_BUY,7
2026-07-08,baseline,d8db114bc8,AGI,0.503526,STRONG_BUY,8
2026-07-08,baseline,d8db114bc8,NFLX,0.47757,STRONG_BUY,9
2026-07-08,baseline,d8db114bc8,ANET,0.44611,BUY,10
2026-07-08,baseline,d8db114bc8,JNJ,0.312782,BUY,11
2026-07-08,baseline,d8db114bc8,KO,0.269015,BUY,12
2026-07-08,baseline,d8db114bc8,HG,0.17156,BUY,13
2026-07-08,baseline,d8db114bc8,Q,0.113423,BUY,14
2026-07-08,baseline,d8db114bc8,ENB,0.001392,BUY,15
2026-07-09,bundle,aa2e590339,BBIO,1.179392,STRONG_BUY,1
2026-07-09,bundle,aa2e590339,KEWL,1.047059,STRONG_BUY,2
2026-07-09,bundle,aa2e590339,MUFG,0.807753,STRONG_BUY,3
2026-07-09,bundle,aa2e590339,AAUC,0.768048,STRONG_BUY,4
2026-07-09,bundle,aa2e590339,ANET,0.715331,STRONG_BUY,5
2026-07-09,bundle,aa2e590339,CRWD,0.692698,STRONG_BUY,6
2026-07-09,bundle,aa2e590339,RDDT,0.54717,STRONG_BUY,7
2026-07-09,bundle,aa2e590339,SOBO,0.454492,BUY,8
2026-07-09,bundle,aa2e590339,NFLX,0.395736,BUY,9
2026-07-09,bundle,aa2e590339,LBRX,0.225641,BUY,10
2026-07-09,bundle,aa2e590339,JNJ,0.098877,BUY,11
2026-07-09,bundle,aa2e590339,KO,0.092811,BUY,12
2026-07-09,bundle,aa2e590339,DELL,0.004836,BUY,13
2026-07-09,baseline,d8db114bc8,BBIO,1.068464,STRONG_BUY,1
2026-07-09,baseline,d8db114bc8,KEWL,0.967814,STRONG_BUY,2
2026-07-09,baseline,d8db114bc8,AAUC,0.881879,STRONG_BUY,3
2026-07-09,baseline,d8db114bc8,GFI,0.81674,STRONG_BUY,4
2026-07-09,baseline,d8db114bc8,KEN,0.796152,STRONG_BUY,5
2026-07-09,baseline,d8db114bc8,NVDA,0.642381,STRONG_BUY,6
2026-07-09,baseline,d8db114bc8,ANET,0.635673,STRONG_BUY,7
2026-07-09,baseline,d8db114bc8,RDDT,0.632286,STRONG_BUY,8
2026-07-09,baseline,d8db114bc8,SOBO,0.517502,STRONG_BUY,9
2026-07-09,baseline,d8db114bc8,NFLX,0.47271,STRONG_BUY,10
2026-07-09,baseline,d8db114bc8,LBRX,0.262794,BUY,11
2026-07-09,baseline,d8db114bc8,JNJ,0.106574,BUY,12
2026-07-09,baseline,d8db114bc8,KO,0.104925,BUY,13
2026-07-10,bundle,aa2e590339,HOOD,0.834498,STRONG_BUY,1
2026-07-10,bundle,aa2e590339,BBIO,0.786986,STRONG_BUY,2
2026-07-10,bundle,aa2e590339,ATAT,0.736094,STRONG_BUY,3
2026-07-10,bundle,aa2e590339,AAUC,0.673042,STRONG_BUY,4
2026-07-10,bundle,aa2e590339,GDIV,0.488518,BUY,5
2026-07-10,bundle,aa2e590339,ANET,0.425175,BUY,6
2026-07-10,bundle,aa2e590339,CELH,0.407224,BUY,7
2026-07-10,bundle,aa2e590339,NFLX,0.361706,BUY,8
2026-07-10,bundle,aa2e590339,DELL,0.25987,BUY,9
2026-07-10,bundle,aa2e590339,HG,0.234278,BUY,10
2026-07-10,bundle,aa2e590339,KO,0.193344,BUY,11
2026-07-10,bundle,aa2e590339,ARM,0.005076,BUY,12
2026-07-10,baseline,d8db114bc8,HOOD,0.944434,STRONG_BUY,1
2026-07-10,baseline,d8db114bc8,AAUC,0.773062,STRONG_BUY,2
2026-07-10,baseline,d8db114bc8,GSAT,0.768764,STRONG_BUY,3
2026-07-10,baseline,d8db114bc8,AGI,0.554723,STRONG_BUY,4
2026-07-10,baseline,d8db114bc8,GDIV,0.550484,STRONG_BUY,5
2026-07-10,baseline,d8db114bc8,ANET,0.47724,BUY,6
2026-07-10,baseline,d8db114bc8,CELH,0.471341,BUY,7
2026-07-10,baseline,d8db114bc8,NFLX,0.445975,BUY,8
2026-07-10,baseline,d8db114bc8,HG,0.25475,BUY,9
2026-07-10,baseline,d8db114bc8,KO,0.219959,BUY,10
2026-07-10,baseline,d8db114bc8,DELL,0.174261,BUY,11
2026-07-10,baseline,d8db114bc8,ELVR,0.135475,BUY,12
2026-07-10,baseline,d8db114bc8,ARM,0.004537,BUY,13
2026-07-13,bundle,aa2e590339,MUFG,0.548821,STRONG_BUY,1
2026-07-13,bundle,aa2e590339,ANET,0.49404,BUY,2
2026-07-13,bundle,aa2e590339,DELL,0.41819,BUY,3
2026-07-13,bundle,aa2e590339,TSSI,0.394559,BUY,4
2026-07-13,bundle,aa2e590339,RDDT,0.389877,BUY,5
2026-07-13,bundle,aa2e590339,SOBO,0.350951,BUY,6
2026-07-13,bundle,aa2e590339,AAUC,0.3173,BUY,7
2026-07-13,bundle,aa2e590339,CRDO,0.172814,BUY,8
2026-07-13,bundle,aa2e590339,WDC,0.00711,BUY,9
2026-07-13,baseline,d8db114bc8,NUVL,0.971299,STRONG_BUY,1
2026-07-13,baseline,d8db114bc8,SGML,0.866207,STRONG_BUY,2
2026-07-13,baseline,d8db114bc8,KTOS,0.773307,STRONG_BUY,3
2026-07-13,baseline,d8db114bc8,PHYS,0.665128,STRONG_BUY,4
2026-07-13,baseline,d8db114bc8,NVDA,0.569448,STRONG_BUY,5
2026-07-13,baseline,d8db114bc8,ANET,0.557255,STRONG_BUY,6
2026-07-13,baseline,d8db114bc8,RDDT,0.456585,BUY,7
2026-07-13,baseline,d8db114bc8,SOBO,0.397655,BUY,8
2026-07-13,baseline,d8db114bc8,AAUC,0.366109,BUY,9
2026-07-13,baseline,d8db114bc8,DELL,0.360116,BUY,10
2026-07-13,baseline,d8db114bc8,ELVR,0.308665,BUY,11
2026-07-13,baseline,d8db114bc8,WDC,0.00893,BUY,12
2026-07-14,bundle,aa2e590339,GIBO,0.964276,STRONG_BUY,1
2026-07-14,bundle,aa2e590339,FRO,0.694321,STRONG_BUY,2
2026-07-14,bundle,aa2e590339,INSW,0.60548,STRONG_BUY,3
2026-07-14,bundle,aa2e590339,DELL,0.599556,STRONG_BUY,4
2026-07-14,bundle,aa2e590339,DRS,0.572999,STRONG_BUY,5
2026-07-14,bundle,aa2e590339,HWM,0.502306,STRONG_BUY,6
2026-07-14,bundle,aa2e590339,GDIV,0.484322,BUY,7
2026-07-14,bundle,aa2e590339,ENB,0.430134,BUY,8
2026-07-14,bundle,aa2e590339,ANET,0.299228,BUY,9
2026-07-14,bundle,aa2e590339,AAUC,0.169002,BUY,10
2026-07-14,bundle,aa2e590339,AMPG,0.057495,BUY,11
2026-07-14,baseline,d8db114bc8,BWA,1.149729,STRONG_BUY,1
2026-07-14,baseline,d8db114bc8,GIBO,1.011262,STRONG_BUY,2
2026-07-14,baseline,d8db114bc8,DRS,0.660767,STRONG_BUY,3
2026-07-14,baseline,d8db114bc8,HWM,0.57697,STRONG_BUY,4
2026-07-14,baseline,d8db114bc8,AGI,0.563753,STRONG_BUY,5
2026-07-14,baseline,d8db114bc8,DELL,0.557992,STRONG_BUY,6
2026-07-14,baseline,d8db114bc8,GDIV,0.53208,STRONG_BUY,7
2026-07-14,baseline,d8db114bc8,ENB,0.489075,BUY,8
2026-07-14,baseline,d8db114bc8,AAUC,0.485364,BUY,9
2026-07-14,baseline,d8db114bc8,ELVR,0.39286,BUY,10
2026-07-14,baseline,d8db114bc8,AIPO,0.251252,BUY,11
2026-07-14,baseline,d8db114bc8,AMPG,0.06361,BUY,12
2026-07-14,baseline,d8db114bc8,APH,0.010394,BUY,13
2026-07-15,bundle,aa2e590339,ENB,0.684938,STRONG_BUY,1
2026-07-15,bundle,aa2e590339,ANF,0.589583,STRONG_BUY,2
2026-07-15,bundle,aa2e590339,DB,0.557364,STRONG_BUY,3
2026-07-15,bundle,aa2e590339,HWM,0.504468,STRONG_BUY,4
2026-07-15,bundle,aa2e590339,COCO,0.502399,STRONG_BUY,5
2026-07-15,bundle,aa2e590339,DECK,0.483833,STRONG_BUY,6
2026-07-15,bundle,aa2e590339,CEG,0.476186,BUY,7
2026-07-15,bundle,aa2e590339,CM,0.43917,BUY,8
2026-07-15,bundle,aa2e590339,GDIV,0.436107,BUY,9
2026-07-15,baseline,d8db114bc8,DD,1.029295,STRONG_BUY,1
2026-07-15,baseline,d8db114bc8,ENB,0.777445,STRONG_BUY,2
2026-07-15,baseline,d8db114bc8,AU,0.720129,STRONG_BUY,3
2026-07-15,baseline,d8db114bc8,AGI,0.650066,STRONG_BUY,4
2026-07-15,baseline,d8db114bc8,DB,0.620798,STRONG_BUY,5
2026-07-15,baseline,d8db114bc8,COCO,0.57984,STRONG_BUY,6
2026-07-15,baseline,d8db114bc8,CEG,0.548896,STRONG_BUY,7
2026-07-15,baseline,d8db114bc8,DECK,0.524971,STRONG_BUY,8
2026-07-15,baseline,d8db114bc8,CM,0.504536,STRONG_BUY,9
2026-07-15,baseline,d8db114bc8,ELVR,0.251875,BUY,10
2026-07-15,baseline,d8db114bc8,AIPO,0.032303,BUY,11
2026-07-16,bundle,aa2e590339,CTAS,0.739688,STRONG_BUY,1
2026-07-16,bundle,aa2e590339,ENB,0.666847,STRONG_BUY,2
2026-07-16,bundle,aa2e590339,CEG,0.607662,STRONG_BUY,3
2026-07-16,bundle,aa2e590339,ATMU,0.589375,STRONG_BUY,4
2026-07-16,bundle,aa2e590339,GRMN,0.567825,STRONG_BUY,5
2026-07-16,bundle,aa2e590339,NEE,0.556034,STRONG_BUY,6
2026-07-16,bundle,aa2e590339,FRO,0.554201,STRONG_BUY,7
2026-07-16,bundle,aa2e590339,GDIV,0.546093,STRONG_BUY,8
2026-07-16,bundle,aa2e590339,O,0.451843,BUY,9
2026-07-16,bundle,aa2e590339,IRM,0.413258,BUY,10
2026-07-16,bundle,aa2e590339,HWM,0.344935,BUY,11
2026-07-16,bundle,aa2e590339,DTM,0.238784,BUY,12
2026-07-16,bundle,aa2e590339,KO,0.207051,BUY,13
2026-07-16,baseline,d8db114bc8,TRGP,0.973632,STRONG_BUY,1
2026-07-16,baseline,d8db114bc8,NUVL,0.836053,STRONG_BUY,2
2026-07-16,baseline,d8db114bc8,CTAS,0.788158,STRONG_BUY,3
2026-07-16,baseline,d8db114bc8,ENB,0.753949,STRONG_BUY,4
2026-07-16,baseline,d8db114bc8,WMT,0.72293,STRONG_BUY,5
2026-07-16,baseline,d8db114bc8,CEG,0.705451,STRONG_BUY,6
2026-07-16,baseline,d8db114bc8,ATMU,0.651977,STRONG_BUY,7
2026-07-16,baseline,d8db114bc8,SOBO,0.600264,STRONG_BUY,8
2026-07-16,baseline,d8db114bc8,GFI,0.58793,STRONG_BUY,9
2026-07-16,baseline,d8db114bc8,O,0.459266,BUY,10
2026-07-16,baseline,d8db114bc8,MOD,0.276375,BUY,11
2026-07-16,baseline,d8db114bc8,NVDA,0.263475,BUY,12
2026-07-16,baseline,d8db114bc8,KO,0.224044,BUY,13
2026-07-16,baseline,d8db114bc8,ELVR,0.122419,BUY,14
2026-07-16,baseline,d8db114bc8,NEE,0.11069,BUY,15
2026-07-16,baseline,d8db114bc8,POWL,0.060046,BUY,16
2026-07-20,bundle,aa2e590339,EA,0.622138,STRONG_BUY,1
2026-07-20,bundle,aa2e590339,EPD,0.61285,STRONG_BUY,2
2026-07-20,bundle,aa2e590339,IRM,0.525166,STRONG_BUY,3
2026-07-20,bundle,aa2e590339,CVE,0.523851,STRONG_BUY,4
2026-07-20,bundle,aa2e590339,CTAS,0.483044,BUY,5
2026-07-20,bundle,aa2e590339,RIOT,0.407061,BUY,6
2026-07-20,bundle,aa2e590339,ENB,0.386905,BUY,7
2026-07-20,bundle,aa2e590339,IMO,0.367626,BUY,8
2026-07-20,bundle,aa2e590339,AMPG,0.336563,BUY,9
2026-07-20,bundle,aa2e590339,CEG,0.282537,BUY,10
2026-07-20,bundle,aa2e590339,WULF,0.147539,BUY,11
2026-07-20,bundle,aa2e590339,DTM,0.132526,BUY,12
2026-07-20,bundle,aa2e590339,ONTO,0.062615,BUY,13
2026-07-20,baseline,d8db114bc8,CWEN,0.933574,STRONG_BUY,1
2026-07-20,baseline,d8db114bc8,CAPR,0.818801,STRONG_BUY,2
2026-07-20,baseline,d8db114bc8,MOD,0.750655,STRONG_BUY,3
2026-07-20,baseline,d8db114bc8,POWL,0.641029,STRONG_BUY,4
2026-07-20,baseline,d8db114bc8,IRM,0.598731,STRONG_BUY,5
2026-07-20,baseline,d8db114bc8,CTAS,0.529986,STRONG_BUY,6
2026-07-20,baseline,d8db114bc8,RIOT,0.503526,STRONG_BUY,7
2026-07-20,baseline,d8db114bc8,ENB,0.43615,BUY,8
2026-07-20,baseline,d8db114bc8,IMO,0.426098,BUY,9
2026-07-20,baseline,d8db114bc8,HUT,0.404775,BUY,10
2026-07-20,baseline,d8db114bc8,AMPG,0.378464,BUY,11
2026-07-20,baseline,d8db114bc8,CEG,0.332886,BUY,12
2026-07-20,baseline,d8db114bc8,NBIS,0.213419,BUY,13
2026-07-20,baseline,d8db114bc8,WULF,0.19974,BUY,14
2026-07-20,baseline,d8db114bc8,Q,0.176549,BUY,15
2026-07-20,baseline,d8db114bc8,DTM,0.161585,BUY,16
2026-07-20,baseline,d8db114bc8,ONTO,0.073642,BUY,17
2026-07-21,bundle,aa2e590339,AME,0.773422,STRONG_BUY,1
2026-07-21,bundle,aa2e590339,ATI,0.718767,STRONG_BUY,2
2026-07-21,bundle,aa2e590339,BTDR,0.623152,STRONG_BUY,3
2026-07-21,bundle,aa2e590339,ONTO,0.60011,STRONG_BUY,4
2026-07-21,bundle,aa2e590339,HUT,0.580428,STRONG_BUY,5
2026-07-21,bundle,aa2e590339,AIPO,0.55636,STRONG_BUY,6
2026-07-21,bundle,aa2e590339,WULF,0.554865,STRONG_BUY,7
2026-07-21,bundle,aa2e590339,ASMU,0.512337,STRONG_BUY,8
2026-07-21,bundle,aa2e590339,RIOT,0.509709,STRONG_BUY,9
2026-07-21,bundle,aa2e590339,DRAM,0.411014,BUY,10
2026-07-21,bundle,aa2e590339,CEG,0.38649,BUY,11
2026-07-21,bundle,aa2e590339,IMSR,0.37298,BUY,12
2026-07-21,bundle,aa2e590339,ARM,0.271964,BUY,13
2026-07-21,bundle,aa2e590339,APH,0.234404,BUY,14
2026-07-21,bundle,aa2e590339,ENB,0.007108,BUY,15
2026-07-21,baseline,d8db114bc8,BEP,1.08851,STRONG_BUY,1
2026-07-21,baseline,d8db114bc8,BTDR,0.722236,STRONG_BUY,2
2026-07-21,baseline,d8db114bc8,ONTO,0.685893,STRONG_BUY,3
2026-07-21,baseline,d8db114bc8,HUT,0.66771,STRONG_BUY,4
2026-07-21,baseline,d8db114bc8,WULF,0.653448,STRONG_BUY,5
2026-07-21,baseline,d8db114bc8,AIPO,0.648804,STRONG_BUY,6
2026-07-21,baseline,d8db114bc8,NBIS,0.628316,STRONG_BUY,7
2026-07-21,baseline,d8db114bc8,RIOT,0.611153,STRONG_BUY,8
2026-07-21,baseline,d8db114bc8,ASMU,0.586157,STRONG_BUY,9
2026-07-21,baseline,d8db114bc8,Q,0.514656,STRONG_BUY,10
2026-07-21,baseline,d8db114bc8,COKE,0.482494,BUY,11
2026-07-21,baseline,d8db114bc8,WDC,0.474715,BUY,12
2026-07-21,baseline,d8db114bc8,DRAM,0.465429,BUY,13
2026-07-21,baseline,d8db114bc8,AXTI,0.452468,BUY,14
2026-07-21,baseline,d8db114bc8,CEG,0.449578,BUY,15
2026-07-21,baseline,d8db114bc8,MOD,0.439123,BUY,16
2026-07-21,baseline,d8db114bc8,IMSR,0.416283,BUY,17
2026-07-21,baseline,d8db114bc8,POWL,0.415834,BUY,18
2026-07-21,baseline,d8db114bc8,CRWV,0.35376,BUY,19
2026-07-21,baseline,d8db114bc8,ARM,0.333143,BUY,20
2026-07-21,baseline,d8db114bc8,APH,0.277053,BUY,21
2026-07-21,baseline,d8db114bc8,AMPG,0.213306,BUY,22
2026-07-21,baseline,d8db114bc8,ENB,0.006801,BUY,23
2026-07-22,bundle,aa2e590339,ANF,0.815191,STRONG_BUY,1
2026-07-22,bundle,aa2e590339,EQT,0.733414,STRONG_BUY,2
2026-07-22,bundle,aa2e590339,CARR,0.72843,STRONG_BUY,3
2026-07-22,bundle,aa2e590339,BMNR,0.550278,STRONG_BUY,4
2026-07-22,bundle,aa2e590339,ATMU,0.533775,STRONG_BUY,5
2026-07-22,bundle,aa2e590339,COKE,0.520841,STRONG_BUY,6
2026-07-22,bundle,aa2e590339,HWM,0.446857,BUY,7
2026-07-22,bundle,aa2e590339,CEG,0.394239,BUY,8
2026-07-22,bundle,aa2e590339,NEE,0.382109,BUY,9
2026-07-22,bundle,aa2e590339,AIPO,0.36118,BUY,10
2026-07-22,bundle,aa2e590339,RIOT,0.333524,BUY,11
2026-07-22,bundle,aa2e590339,ONTO,0.321848,BUY,12
2026-07-22,bundle,aa2e590339,APH,0.281458,BUY,13
2026-07-22,bundle,aa2e590339,INFQ,0.263401,BUY,14
2026-07-22,bundle,aa2e590339,ARM,0.13617,BUY,15
2026-07-22,bundle,aa2e590339,DRAM,0.133129,BUY,16
2026-07-22,bundle,aa2e590339,DELL,0.092298,BUY,17
2026-07-22,bundle,aa2e590339,ENB,0.057916,BUY,18
2026-07-22,baseline,d8db114bc8,CCL,1.309079,STRONG_BUY,1
2026-07-22,baseline,d8db114bc8,CARR,0.857967,STRONG_BUY,2
2026-07-22,baseline,d8db114bc8,EQT,0.821442,STRONG_BUY,3
2026-07-22,baseline,d8db114bc8,BMNR,0.616176,STRONG_BUY,4
2026-07-22,baseline,d8db114bc8,COKE,0.6052,STRONG_BUY,5
2026-07-22,baseline,d8db114bc8,CEG,0.454956,BUY,6
2026-07-22,baseline,d8db114bc8,AIPO,0.426375,BUY,7
2026-07-22,baseline,d8db114bc8,ASMU,0.421333,BUY,8
2026-07-22,baseline,d8db114bc8,RIOT,0.412462,BUY,9
2026-07-22,baseline,d8db114bc8,GLWG,0.385622,BUY,10
2026-07-22,baseline,d8db114bc8,DTM,0.379763,BUY,11
2026-07-22,baseline,d8db114bc8,ONTO,0.368823,BUY,12
2026-07-22,baseline,d8db114bc8,MOD,0.363242,BUY,13
2026-07-22,baseline,d8db114bc8,Q,0.342626,BUY,14
2026-07-22,baseline,d8db114bc8,APH,0.336108,BUY,15
2026-07-22,baseline,d8db114bc8,INFQ,0.330766,BUY,16
2026-07-22,baseline,d8db114bc8,NEE,0.325423,BUY,17
2026-07-22,baseline,d8db114bc8,POWL,0.299543,BUY,18
2026-07-22,baseline,d8db114bc8,WDC,0.248968,BUY,19
2026-07-22,baseline,d8db114bc8,IMSR,0.204529,BUY,20
2026-07-22,baseline,d8db114bc8,ARM,0.164859,BUY,21
2026-07-22,baseline,d8db114bc8,DRAM,0.150413,BUY,22
2026-07-22,baseline,d8db114bc8,NBIS,0.122259,BUY,23
2026-07-22,baseline,d8db114bc8,ENB,0.065994,BUY,24
2026-07-22,baseline,d8db114bc8,DELL,0.041003,BUY,25
2026-07-23,bundle,aa2e590339,EQT,0.603117,STRONG_BUY,1
2026-07-23,bundle,aa2e590339,HWM,0.52931,STRONG_BUY,2
2026-07-23,bundle,aa2e590339,DRS,0.51923,STRONG_BUY,3
2026-07-23,bundle,aa2e590339,CARR,0.454598,BUY,4
2026-07-23,bundle,aa2e590339,ATMU,0.41403,BUY,5
2026-07-23,bundle,aa2e590339,BMNR,0.403264,BUY,6
2026-07-23,bundle,aa2e590339,HUT,0.399703,BUY,7
2026-07-23,bundle,aa2e590339,CEG,0.257539,BUY,8
2026-07-23,bundle,aa2e590339,RIOT,0.227935,BUY,9
2026-07-23,bundle,aa2e590339,AIPO,0.213961,BUY,10
2026-07-23,bundle,aa2e590339,ENB,0.176555,BUY,11
2026-07-23,bundle,aa2e590339,APH,0.016841,BUY,12
2026-07-23,baseline,d8db114bc8,CC,0.980351,STRONG_BUY,1
2026-07-23,baseline,d8db114bc8,EQNR,0.769317,STRONG_BUY,2
2026-07-23,baseline,d8db114bc8,EQT,0.683152,STRONG_BUY,3
2026-07-23,baseline,d8db114bc8,DRS,0.58239,STRONG_BUY,4
2026-07-23,baseline,d8db114bc8,CARR,0.545077,STRONG_BUY,5
2026-07-23,baseline,d8db114bc8,HWM,0.507372,STRONG_BUY,6
2026-07-23,baseline,d8db114bc8,COKE,0.476911,BUY,7
2026-07-23,baseline,d8db114bc8,HUT,0.451227,BUY,8
2026-07-23,baseline,d8db114bc8,BMNR,0.446814,BUY,9
2026-07-23,baseline,d8db114bc8,RIOT,0.273877,BUY,10
2026-07-23,baseline,d8db114bc8,Q,0.260742,BUY,11
2026-07-23,baseline,d8db114bc8,AIPO,0.252425,BUY,12
2026-07-23,baseline,d8db114bc8,MOD,0.242845,BUY,13
2026-07-23,baseline,d8db114bc8,POWL,0.203682,BUY,14
2026-07-23,baseline,d8db114bc8,ENB,0.194651,BUY,15
2026-07-23,baseline,d8db114bc8,NBIS,0.166064,BUY,16
2026-07-23,baseline,d8db114bc8,WDC,0.079223,BUY,17
2026-07-23,baseline,d8db114bc8,APH,0.042879,BUY,18
2026-07-24,bundle,aa2e590339,CTRE,0.754231,STRONG_BUY,1
2026-07-24,bundle,aa2e590339,EXE,0.671938,STRONG_BUY,2
2026-07-24,bundle,aa2e590339,HWM,0.671594,STRONG_BUY,3
2026-07-24,bundle,aa2e590339,CDRE,0.571693,STRONG_BUY,4
2026-07-24,bundle,aa2e590339,DRS,0.541372,STRONG_BUY,5
2026-07-24,bundle,aa2e590339,ABBV,0.412297,BUY,6
2026-07-24,bundle,aa2e590339,GOLD,0.35957,BUY,7
2026-07-24,bundle,aa2e590339,O,0.303711,BUY,8
2026-07-24,bundle,aa2e590339,DTM,0.283219,BUY,9
2026-07-24,bundle,aa2e590339,CEG,0.234784,BUY,10
2026-07-24,bundle,aa2e590339,RIOT,0.216415,BUY,11
2026-07-24,bundle,aa2e590339,HG,0.189143,BUY,12
2026-07-24,bundle,aa2e590339,ENB,0.173839,BUY,13
2026-07-24,bundle,aa2e590339,JNJ,0.124105,BUY,14
2026-07-24,bundle,aa2e590339,APH,0.057957,BUY,15
2026-07-24,bundle,aa2e590339,DELL,0.006619,BUY,16
2026-07-24,baseline,d8db114bc8,EQT,0.669652,STRONG_BUY,1
2026-07-24,baseline,d8db114bc8,EXE,0.669341,STRONG_BUY,2
2026-07-24,baseline,d8db114bc8,HWM,0.663784,STRONG_BUY,3
2026-07-24,baseline,d8db114bc8,ABBV,0.448859,BUY,4
2026-07-24,baseline,d8db114bc8,GOLD,0.412165,BUY,5
2026-07-24,baseline,d8db114bc8,HUT,0.375138,BUY,6
2026-07-24,baseline,d8db114bc8,DTM,0.281146,BUY,7
2026-07-24,baseline,d8db114bc8,CEG,0.272325,BUY,8
2026-07-24,baseline,d8db114bc8,RIOT,0.260384,BUY,9
2026-07-24,baseline,d8db114bc8,O,0.252483,BUY,10
2026-07-24,baseline,d8db114bc8,POWL,0.235611,BUY,11
2026-07-24,baseline,d8db114bc8,ENB,0.192404,BUY,12
2026-07-24,baseline,d8db114bc8,HG,0.185054,BUY,13
2026-07-24,baseline,d8db114bc8,DRAM,0.152377,BUY,14
2026-07-24,baseline,d8db114bc8,KO,0.131445,BUY,15
2026-07-24,baseline,d8db114bc8,Q,0.105124,BUY,16
2026-07-24,baseline,d8db114bc8,MOD,0.09367,BUY,17
2026-07-24,baseline,d8db114bc8,APH,0.092494,BUY,18
2026-07-27,bundle,aa2e590339,CDRE,0.943372,STRONG_BUY,1
2026-07-27,bundle,aa2e590339,BYD,0.709011,STRONG_BUY,2
2026-07-27,bundle,aa2e590339,CTAS,0.691302,STRONG_BUY,3
2026-07-27,bundle,aa2e590339,BMNR,0.682224,STRONG_BUY,4
2026-07-27,bundle,aa2e590339,HWM,0.640179,STRONG_BUY,5
2026-07-27,bundle,aa2e590339,ATAT,0.632586,STRONG_BUY,6
2026-07-27,bundle,aa2e590339,GOLD,0.475655,BUY,7
2026-07-27,bundle,aa2e590339,ATMU,0.428205,BUY,8
2026-07-27,bundle,aa2e590339,HG,0.233041,BUY,9
2026-07-27,bundle,aa2e590339,JNJ,0.182387,BUY,10
2026-07-27,bundle,aa2e590339,ENB,0.111089,BUY,11
2026-07-27,baseline,d8db114bc8,CDRE,0.885391,STRONG_BUY,1
2026-07-27,baseline,d8db114bc8,CTAS,0.765983,STRONG_BUY,2
2026-07-27,baseline,d8db114bc8,BMNR,0.739825,STRONG_BUY,3
2026-07-27,baseline,d8db114bc8,HWM,0.628699,STRONG_BUY,4
2026-07-27,baseline,d8db114bc8,ATAT,0.623091,STRONG_BUY,5
2026-07-27,baseline,d8db114bc8,GOLD,0.536238,STRONG_BUY,6
2026-07-27,baseline,d8db114bc8,HG,0.235913,BUY,7
2026-07-27,baseline,d8db114bc8,O,0.217838,BUY,8
2026-07-27,baseline,d8db114bc8,WULF,0.179402,BUY,9
2026-07-27,baseline,d8db114bc8,POWL,0.126727,BUY,10
2026-07-27,baseline,d8db114bc8,DRAM,0.064997,BUY,11
2026-07-27,baseline,d8db114bc8,Q,0.030458,BUY,12
2026-07-28,bundle,aa2e590339,BKNG,1.011382,STRONG_BUY,1
2026-07-28,bundle,aa2e590339,APUS,0.967289,STRONG_BUY,2
2026-07-28,bundle,aa2e590339,ATAT,0.896141,STRONG_BUY,3
2026-07-28,bundle,aa2e590339,AFL,0.856995,STRONG_BUY,4
2026-07-28,bundle,aa2e590339,BKE,0.843918,STRONG_BUY,5
2026-07-28,bundle,aa2e590339,HG,0.794314,STRONG_BUY,6
2026-07-28,bundle,aa2e590339,ELF,0.598255,STRONG_BUY,7
2026-07-28,bundle,aa2e590339,CAH,0.557967,STRONG_BUY,8
2026-07-28,bundle,aa2e590339,JNJ,0.520674,STRONG_BUY,9
2026-07-28,bundle,aa2e590339,RIOT,0.232682,BUY,10
2026-07-28,bundle,aa2e590339,NFLX,0.099746,BUY,11
2026-07-28,baseline,d8db114bc8,APUS,1.130469,STRONG_BUY,1
2026-07-28,baseline,d8db114bc8,AFL,0.978172,STRONG_BUY,2
2026-07-28,baseline,d8db114bc8,ATAT,0.866199,STRONG_BUY,3
2026-07-28,baseline,d8db114bc8,ENSG,0.757275,STRONG_BUY,4
2026-07-28,baseline,d8db114bc8,HG,0.725968,STRONG_BUY,5
2026-07-28,baseline,d8db114bc8,CAH,0.646648,STRONG_BUY,6
2026-07-28,baseline,d8db114bc8,ELF,0.643187,STRONG_BUY,7
2026-07-28,baseline,d8db114bc8,ANF,0.546835,STRONG_BUY,8
2026-07-28,baseline,d8db114bc8,COKE,0.537477,STRONG_BUY,9
2026-07-28,baseline,d8db114bc8,RIOT,0.290365,BUY,10
2026-07-28,baseline,d8db114bc8,INFQ,0.201563,BUY,11
2026-07-28,baseline,d8db114bc8,WULF,0.117626,BUY,12
2026-07-28,baseline,d8db114bc8,NFLX,0.116854,BUY,13
2026-07-28,baseline,d8db114bc8,JNJ,0.073067,BUY,14
2026-07-29,bundle,aa2e590339,HIG,0.963905,STRONG_BUY,1
2026-07-29,bundle,aa2e590339,HPQ,0.940152,STRONG_BUY,2
2026-07-29,bundle,aa2e590339,ALL,0.850966,STRONG_BUY,3
2026-07-29,bundle,aa2e590339,HG,0.74967,STRONG_BUY,4
2026-07-29,bundle,aa2e590339,AFL,0.687384,STRONG_BUY,5
2026-07-29,bundle,aa2e590339,CAH,0.59783,STRONG_BUY,6
2026-07-29,bundle,aa2e590339,JNJ,0.594588,STRONG_BUY,7
2026-07-29,bundle,aa2e590339,KO,0.565487,STRONG_BUY,8
2026-07-29,bundle,aa2e590339,ELF,0.416047,BUY,9
2026-07-29,bundle,aa2e590339,O,0.200287,BUY,10
2026-07-29,bundle,aa2e590339,NFLX,0.177171,BUY,11
2026-07-29,baseline,d8db114bc8,HPQ,1.015108,STRONG_BUY,1
2026-07-29,baseline,d8db114bc8,HIG,0.978465,STRONG_BUY,2
2026-07-29,baseline,d8db114bc8,GRMN,0.955907,STRONG_BUY,3
2026-07-29,baseline,d8db114bc8,ALL,0.951608,STRONG_BUY,4
2026-07-29,baseline,d8db114bc8,GEHC,0.872848,STRONG_BUY,5
2026-07-29,baseline,d8db114bc8,HG,0.840335,STRONG_BUY,6
2026-07-29,baseline,d8db114bc8,CAH,0.698399,STRONG_BUY,7
2026-07-29,baseline,d8db114bc8,KO,0.630127,STRONG_BUY,8
2026-07-29,baseline,d8db114bc8,O,0.250229,BUY,9
2026-07-29,baseline,d8db114bc8,NFLX,0.198452,BUY,10
2026-07-29,baseline,d8db114bc8,JNJ,0.165401,BUY,11
2026-07-29,baseline,d8db114bc8,RIOT,0.029889,BUY,12
2026-07-30,bundle,aa2e590339,BIOA,0.729228,STRONG_BUY,1
2026-07-30,bundle,aa2e590339,DELL,0.513419,STRONG_BUY,2
2026-07-30,bundle,aa2e590339,ALAB,0.478738,BUY,3
2026-07-30,bundle,aa2e590339,APH,0.448889,BUY,4
2026-07-30,bundle,aa2e590339,RIOT,0.42497,BUY,5
2026-07-30,bundle,aa2e590339,BMNR,0.413753,BUY,6
2026-07-30,bundle,aa2e590339,INFQ,0.387428,BUY,7
2026-07-30,bundle,aa2e590339,WULF,0.386933,BUY,8
2026-07-30,bundle,aa2e590339,IMSR,0.34141,BUY,9
2026-07-30,bundle,aa2e590339,DRAM,0.32518,BUY,10
2026-07-30,bundle,aa2e590339,JNJ,0.247738,BUY,11
2026-07-30,bundle,aa2e590339,KO,0.194822,BUY,12
2026-07-30,bundle,aa2e590339,AIPO,0.189852,BUY,13
2026-07-30,bundle,aa2e590339,NFLX,0.077908,BUY,14
2026-07-30,baseline,d8db114bc8,GSAT,1.183216,STRONG_BUY,1
2026-07-30,baseline,d8db114bc8,AGI,0.849276,STRONG_BUY,2
2026-07-30,baseline,d8db114bc8,WDC,0.708571,STRONG_BUY,3
2026-07-30,baseline,d8db114bc8,ASTS,0.631728,STRONG_BUY,4
2026-07-30,baseline,d8db114bc8,ALAB,0.599653,STRONG_BUY,5
2026-07-30,baseline,d8db114bc8,HUT,0.593412,STRONG_BUY,6
2026-07-30,baseline,d8db114bc8,APH,0.562473,STRONG_BUY,7
2026-07-30,baseline,d8db114bc8,CRWV,0.559114,STRONG_BUY,8
2026-07-30,baseline,d8db114bc8,CRDO,0.555556,STRONG_BUY,9
2026-07-30,baseline,d8db114bc8,DELL,0.533619,STRONG_BUY,10
2026-07-30,baseline,d8db114bc8,RIOT,0.497352,BUY,11
2026-07-30,baseline,d8db114bc8,NBIS,0.472759,BUY,12
2026-07-30,baseline,d8db114bc8,BMNR,0.467882,BUY,13
2026-07-30,baseline,d8db114bc8,INFQ,0.459813,BUY,14
2026-07-30,baseline,d8db114bc8,WULF,0.45121,BUY,15
2026-07-30,baseline,d8db114bc8,IMSR,0.429201,BUY,16
2026-07-30,baseline,d8db114bc8,DRAM,0.377928,BUY,17
2026-07-30,baseline,d8db114bc8,JNJ,0.273139,BUY,18
2026-07-30,baseline,d8db114bc8,AIPO,0.24404,BUY,19
2026-07-30,baseline,d8db114bc8,Q,0.230494,BUY,20
2026-07-30,baseline,d8db114bc8,GLWG,0.225478,BUY,21
2026-07-30,baseline,d8db114bc8,KO,0.214922,BUY,22
2026-07-30,baseline,d8db114bc8,INTC,0.213523,BUY,23
2026-07-30,baseline,d8db114bc8,ARM,0.166985,BUY,24
2026-07-30,baseline,d8db114bc8,NFLX,0.089829,BUY,25
2026-07-31,bundle,aa2e590339,GSAT,1.022187,STRONG_BUY,1
2026-07-31,bundle,aa2e590339,BBVA,0.640684,STRONG_BUY,2
2026-07-31,bundle,aa2e590339,AXTI,0.616206,STRONG_BUY,3
2026-07-31,bundle,aa2e590339,NFLX,0.51974,STRONG_BUY,4
2026-07-31,bundle,aa2e590339,LEU,0.516938,STRONG_BUY,5
2026-07-31,bundle,aa2e590339,LBRX,0.513913,STRONG_BUY,6
2026-07-31,bundle,aa2e590339,APH,0.500335,STRONG_BUY,7
2026-07-31,bundle,aa2e590339,KO,0.431496,BUY,8
2026-07-31,bundle,aa2e590339,DELL,0.391748,BUY,9
2026-07-31,bundle,aa2e590339,MRVU,0.34596,BUY,10
2026-07-31,bundle,aa2e590339,RIOT,0.319288,BUY,11
2026-07-31,bundle,aa2e590339,INFQ,0.274352,BUY,12
2026-07-31,bundle,aa2e590339,GLWG,0.245274,BUY,13
2026-07-31,bundle,aa2e590339,WULF,0.232992,BUY,14
2026-07-31,bundle,aa2e590339,AIPO,0.218731,BUY,15
2026-07-31,bundle,aa2e590339,IMSR,0.217673,BUY,16
2026-07-31,bundle,aa2e590339,JNJ,0.130467,BUY,17
2026-07-31,bundle,aa2e590339,DRAM,0.119607,BUY,18
2026-07-31,baseline,d8db114bc8,GSAT,1.00006,STRONG_BUY,1
2026-07-31,baseline,d8db114bc8,IDR,0.870227,STRONG_BUY,2
2026-07-31,baseline,d8db114bc8,EXK,0.869455,STRONG_BUY,3
2026-07-31,baseline,d8db114bc8,AXTI,0.66987,STRONG_BUY,4
2026-07-31,baseline,d8db114bc8,NFLX,0.600656,STRONG_BUY,5
2026-07-31,baseline,d8db114bc8,LBRX,0.582273,STRONG_BUY,6
2026-07-31,baseline,d8db114bc8,APH,0.578002,STRONG_BUY,7
2026-07-31,baseline,d8db114bc8,WDC,0.562576,STRONG_BUY,8
2026-07-31,baseline,d8db114bc8,CRDO,0.525033,STRONG_BUY,9
2026-07-31,baseline,d8db114bc8,MRVU,0.393867,BUY,10
2026-07-31,baseline,d8db114bc8,DELL,0.392289,BUY,11
2026-07-31,baseline,d8db114bc8,RIOT,0.378158,BUY,12
2026-07-31,baseline,d8db114bc8,NBIS,0.361078,BUY,13
2026-07-31,baseline,d8db114bc8,IMSR,0.348117,BUY,14
2026-07-31,baseline,d8db114bc8,INFQ,0.329337,BUY,15
2026-07-31,baseline,d8db114bc8,GLWG,0.324834,BUY,16
2026-07-31,baseline,d8db114bc8,WULF,0.275126,BUY,17
2026-07-31,baseline,d8db114bc8,AIPO,0.264086,BUY,18
2026-07-31,baseline,d8db114bc8,ELVR,0.185449,BUY,19
2026-07-31,baseline,d8db114bc8,Q,0.173596,BUY,20
2026-07-31,baseline,d8db114bc8,DRAM,0.14424,BUY,21
2026-07-31,baseline,d8db114bc8,JNJ,0.142088,BUY,22
2026-08-03,bundle,aa2e590339,ANF,0.757518,STRONG_BUY,1
2026-08-03,bundle,aa2e590339,DELL,0.730309,STRONG_BUY,2
2026-08-03,bundle,aa2e590339,LBRX,0.672181,STRONG_BUY,3
2026-08-03,bundle,aa2e590339,NFLX,0.599786,STRONG_BUY,4
2026-08-03,bundle,aa2e590339,CRWV,0.561318,STRONG_BUY,5
2026-08-03,bundle,aa2e590339,APH,0.509228,STRONG_BUY,6
2026-08-03,bundle,aa2e590339,INFQ,0.413796,BUY,7
2026-08-03,bundle,aa2e590339,GLWG,0.348296,BUY,8
2026-08-03,bundle,aa2e590339,AIPO,0.322889,BUY,9
2026-08-03,bundle,aa2e590339,KO,0.317826,BUY,10
2026-08-03,bundle,aa2e590339,JNJ,0.232599,BUY,11
2026-08-03,bundle,aa2e590339,MRVU,0.227611,BUY,12
2026-08-03,bundle,aa2e590339,DRAM,0.079783,BUY,13
2026-08-03,baseline,d8db114bc8,ANF,0.854071,STRONG_BUY,1
2026-08-03,baseline,d8db114bc8,STLD,0.771817,STRONG_BUY,2
2026-08-03,baseline,d8db114bc8,LBRX,0.730159,STRONG_BUY,3
2026-08-03,baseline,d8db114bc8,DELL,0.722123,STRONG_BUY,4
2026-08-03,baseline,d8db114bc8,NFLX,0.687923,STRONG_BUY,5
2026-08-03,baseline,d8db114bc8,TSSI,0.686581,STRONG_BUY,6
2026-08-03,baseline,d8db114bc8,CRWV,0.681499,STRONG_BUY,7
2026-08-03,baseline,d8db114bc8,APH,0.574595,STRONG_BUY,8
2026-08-03,baseline,d8db114bc8,NBIS,0.491797,BUY,9
2026-08-03,baseline,d8db114bc8,INFQ,0.486597,STRONG_BUY,10
2026-08-03,baseline,d8db114bc8,GLWG,0.426816,BUY,11
2026-08-03,baseline,d8db114bc8,AIPO,0.376264,BUY,12
2026-08-03,baseline,d8db114bc8,KO,0.363512,BUY,13
2026-08-03,baseline,d8db114bc8,MRVU,0.254604,BUY,14
2026-08-03,baseline,d8db114bc8,JNJ,0.252544,BUY,15
2026-08-03,baseline,d8db114bc8,IMSR,0.244585,BUY,16
2026-08-03,baseline,d8db114bc8,ELVR,0.204446,BUY,17
2026-08-03,baseline,d8db114bc8,DRAM,0.096001,BUY,18
2026-08-04,bundle,aa2e590339,PLTR,1.061356,STRONG_BUY,1
2026-08-04,bundle,aa2e590339,NUE,0.845356,STRONG_BUY,2
2026-08-04,bundle,aa2e590339,ANF,0.818424,STRONG_BUY,3
2026-08-04,bundle,aa2e590339,STLD,0.685588,STRONG_BUY,4
2026-08-04,bundle,aa2e590339,LBRX,0.649215,STRONG_BUY,5
2026-08-04,bundle,aa2e590339,DELL,0.599684,STRONG_BUY,6
2026-08-04,bundle,aa2e590339,APH,0.494255,BUY,7
2026-08-04,bundle,aa2e590339,NFLX,0.433323,BUY,8
2026-08-04,bundle,aa2e590339,CRWV,0.410843,BUY,9
2026-08-04,bundle,aa2e590339,INFQ,0.298987,BUY,10
2026-08-04,bundle,aa2e590339,KO,0.272591,BUY,11
2026-08-04,bundle,aa2e590339,MRVU,0.211729,BUY,12
2026-08-04,bundle,aa2e590339,AIPO,0.208248,BUY,13
2026-08-04,bundle,aa2e590339,GLWG,0.163654,BUY,14
2026-08-04,bundle,aa2e590339,JNJ,0.162665,BUY,15
2026-08-04,bundle,aa2e590339,NBIS,0.077959,BUY,16
2026-08-04,baseline,d8db114bc8,PLTR,0.957679,STRONG_BUY,1
2026-08-04,baseline,d8db114bc8,ANF,0.925005,STRONG_BUY,2
2026-08-04,baseline,d8db114bc8,NUE,0.90351,STRONG_BUY,3
2026-08-04,baseline,d8db114bc8,LBRX,0.707571,STRONG_BUY,4
2026-08-04,baseline,d8db114bc8,CRWD,0.679026,STRONG_BUY,5
2026-08-04,baseline,d8db114bc8,DELL,0.571353,STRONG_BUY,6
2026-08-04,baseline,d8db114bc8,NFLX,0.497528,STRONG_BUY,7
2026-08-04,baseline,d8db114bc8,CRWV,0.486156,STRONG_BUY,8
2026-08-04,baseline,d8db114bc8,APH,0.399292,BUY,9
2026-08-04,baseline,d8db114bc8,ELVR,0.354125,BUY,10
2026-08-04,baseline,d8db114bc8,INFQ,0.35187,BUY,11
2026-08-04,baseline,d8db114bc8,KO,0.317431,BUY,12
2026-08-04,baseline,d8db114bc8,AIPO,0.237288,BUY,13
2026-08-04,baseline,d8db114bc8,GLWG,0.230672,BUY,14
2026-08-04,baseline,d8db114bc8,MRVU,0.215593,BUY,15
2026-08-04,baseline,d8db114bc8,ARM,0.206031,BUY,16
2026-08-04,baseline,d8db114bc8,JNJ,0.171165,BUY,17
2026-08-04,baseline,d8db114bc8,NBIS,0.065416,BUY,18
2026-08-05,bundle,aa2e590339,NUE,0.730419,STRONG_BUY,1
2026-08-05,bundle,aa2e590339,WMT,0.713369,STRONG_BUY,2
2026-08-05,bundle,aa2e590339,PLTR,0.708839,STRONG_BUY,3
2026-08-05,bundle,aa2e590339,GEV,0.548962,STRONG_BUY,4
2026-08-05,bundle,aa2e590339,CAH,0.538801,STRONG_BUY,5
2026-08-05,bundle,aa2e590339,CRWD,0.492876,BUY,6
2026-08-05,bundle,aa2e590339,ANET,0.459703,BUY,7
2026-08-05,bundle,aa2e590339,LBRX,0.404159,BUY,8
2026-08-05,bundle,aa2e590339,NFLX,0.397896,BUY,9
2026-08-05,bundle,aa2e590339,GOOG,0.360092,BUY,10
2026-08-05,bundle,aa2e590339,AMZN,0.354554,BUY,11
2026-08-05,bundle,aa2e590339,COHR,0.29955,BUY,12
2026-08-05,bundle,aa2e590339,KO,0.249398,BUY,13
2026-08-05,bundle,aa2e590339,AIPO,0.150894,BUY,14
2026-08-05,bundle,aa2e590339,CFG,0.032995,BUY,15
2026-08-05,baseline,d8db114bc8,NUE,0.742234,STRONG_BUY,1
2026-08-05,baseline,d8db114bc8,PLTR,0.736955,STRONG_BUY,2
2026-08-05,baseline,d8db114bc8,GEV,0.63613,STRONG_BUY,3
2026-08-05,baseline,d8db114bc8,CAH,0.621424,STRONG_BUY,4
2026-08-05,baseline,d8db114bc8,CRWD,0.583338,STRONG_BUY,5
2026-08-05,baseline,d8db114bc8,ANET,0.474981,BUY,6
2026-08-05,baseline,d8db114bc8,NFLX,0.454163,BUY,7
2026-08-05,baseline,d8db114bc8,LBRX,0.438249,BUY,8
2026-08-05,baseline,d8db114bc8,GOOG,0.412102,BUY,9
2026-08-05,baseline,d8db114bc8,AMZN,0.403511,BUY,10
2026-08-05,baseline,d8db114bc8,ELVR,0.355499,BUY,11
2026-08-05,baseline,d8db114bc8,COHR,0.32996,BUY,12
2026-08-05,baseline,d8db114bc8,KO,0.287136,BUY,13
2026-08-05,baseline,d8db114bc8,CRWV,0.269989,BUY,14
2026-08-05,baseline,d8db114bc8,INTC,0.214886,BUY,15
2026-08-05,baseline,d8db114bc8,MRVL,0.173479,BUY,16
2026-08-05,baseline,d8db114bc8,AIPO,0.172845,BUY,17
2026-08-06,bundle,aa2e590339,TPR,0.797408,STRONG_BUY,1
2026-08-06,bundle,aa2e590339,ELF,0.78464,STRONG_BUY,2
2026-08-06,bundle,aa2e590339,ANF,0.731557,STRONG_BUY,3
2026-08-06,bundle,aa2e590339,TFPM,0.728107,STRONG_BUY,4
2026-08-06,bundle,aa2e590339,LBRX,0.65214,STRONG_BUY,5
2026-08-06,bundle,aa2e590339,JXN,0.577751,STRONG_BUY,6
2026-08-06,bundle,aa2e590339,PLTR,0.567186,STRONG_BUY,7
2026-08-06,bundle,aa2e590339,GOOG,0.552917,STRONG_BUY,8
2026-08-06,bundle,aa2e590339,AMZN,0.466054,BUY,9
2026-08-06,bundle,aa2e590339,KO,0.342713,BUY,10
2026-08-06,bundle,aa2e590339,COHR,0.339047,BUY,11
2026-08-06,bundle,aa2e590339,NFLX,0.318876,BUY,12
2026-08-06,bundle,aa2e590339,NVDA,0.313586,BUY,13
2026-08-06,bundle,aa2e590339,INFQ,0.279582,BUY,14
2026-08-06,bundle,aa2e590339,GEV,0.148644,BUY,15
2026-08-06,bundle,aa2e590339,AIPO,0.049181,BUY,16
2026-08-06,bundle,aa2e590339,MRVU,0.044042,BUY,17
2026-08-06,bundle,aa2e590339,CFG,0.013424,BUY,18
2026-08-06,baseline,d8db114bc8,INSM,0.988223,STRONG_BUY,1
2026-08-06,baseline,d8db114bc8,TPR,0.852094,STRONG_BUY,2
2026-08-06,baseline,d8db114bc8,ELF,0.844005,STRONG_BUY,3
2026-08-06,baseline,d8db114bc8,ANF,0.828804,STRONG_BUY,4
2026-08-06,baseline,d8db114bc8,TFPM,0.791332,STRONG_BUY,5
2026-08-06,baseline,d8db114bc8,LBRX,0.693988,STRONG_BUY,6
2026-08-06,baseline,d8db114bc8,GOOG,0.632337,STRONG_BUY,7
2026-08-06,baseline,d8db114bc8,PLTR,0.581585,STRONG_BUY,8
2026-08-06,baseline,d8db114bc8,AMZN,0.533694,STRONG_BUY,9
2026-08-06,baseline,d8db114bc8,KO,0.392817,BUY,10
2026-08-06,baseline,d8db114bc8,COHR,0.37415,BUY,11
2026-08-06,baseline,d8db114bc8,NFLX,0.37007,BUY,12
2026-08-06,baseline,d8db114bc8,NVDA,0.350582,BUY,13
2026-08-06,baseline,d8db114bc8,ELVR,0.339214,BUY,14
2026-08-06,baseline,d8db114bc8,INFQ,0.328587,BUY,15
2026-08-06,baseline,d8db114bc8,INTC,0.315728,BUY,16
2026-08-06,baseline,d8db114bc8,MRVL,0.210056,BUY,17
2026-08-06,baseline,d8db114bc8,GEV,0.182449,BUY,18
2026-08-06,baseline,d8db114bc8,SOXX,0.065444,BUY,19
2026-08-06,baseline,d8db114bc8,AIPO,0.064027,BUY,20
2026-08-06,baseline,d8db114bc8,MRVU,0.046482,BUY,21
2026-08-07,bundle,aa2e590339,ELF,0.850852,STRONG_BUY,1
2026-08-07,bundle,aa2e590339,COHR,0.722218,STRONG_BUY,2
2026-08-07,bundle,aa2e590339,KRMN,0.58328,STRONG_BUY,3
2026-08-07,bundle,aa2e590339,LBRX,0.554937,STRONG_BUY,4
2026-08-07,bundle,aa2e590339,INFQ,0.532156,STRONG_BUY,5
2026-08-07,bundle,aa2e590339,IMSR,0.529121,STRONG_BUY,6
2026-08-07,bundle,aa2e590339,AAUC,0.510532,STRONG_BUY,7
2026-08-07,bundle,aa2e590339,CRWV,0.506491,STRONG_BUY,8
2026-08-07,bundle,aa2e590339,MRVU,0.488382,BUY,9
2026-08-07,bundle,aa2e590339,LEU,0.483286,STRONG_BUY,10
2026-08-07,bundle,aa2e590339,AMZN,0.450211,BUY,11
2026-08-07,bundle,aa2e590339,GOOG,0.43134,BUY,12
2026-08-07,bundle,aa2e590339,HOOD,0.400226,BUY,13
2026-08-07,bundle,aa2e590339,AIPO,0.383217,BUY,14
2026-08-07,bundle,aa2e590339,KO,0.209821,BUY,15
2026-08-07,bundle,aa2e590339,NFLX,0.201242,BUY,16
2026-08-07,bundle,aa2e590339,GEV,0.195932,BUY,17
2026-08-07,bundle,aa2e590339,DRAM,0.151832,BUY,18
2026-08-07,bundle,aa2e590339,VRT,0.113227,BUY,19
2026-08-07,bundle,aa2e590339,CFG,0.091158,BUY,20
2026-08-07,baseline,d8db114bc8,ELF,0.941501,STRONG_BUY,1
2026-08-07,baseline,d8db114bc8,DECK,0.938651,STRONG_BUY,2
2026-08-07,baseline,d8db114bc8,COHR,0.789922,STRONG_BUY,3
2026-08-07,baseline,d8db114bc8,ARM,0.693255,STRONG_BUY,4
2026-08-07,baseline,d8db114bc8,ELVR,0.678285,STRONG_BUY,5
2026-08-07,baseline,d8db114bc8,KRMN,0.671966,STRONG_BUY,6
2026-08-07,baseline,d8db114bc8,INTC,0.671594,STRONG_BUY,7
2026-08-07,baseline,d8db114bc8,INFQ,0.61313,STRONG_BUY,8
2026-08-07,baseline,d8db114bc8,LBRX,0.606288,STRONG_BUY,9
2026-08-07,baseline,d8db114bc8,IMSR,0.602269,STRONG_BUY,10
2026-08-07,baseline,d8db114bc8,CRWV,0.584553,STRONG_BUY,11
2026-08-07,baseline,d8db114bc8,AAUC,0.575722,STRONG_BUY,12
2026-08-07,baseline,d8db114bc8,MRVU,0.553721,STRONG_BUY,13
2026-08-07,baseline,d8db114bc8,MRVL,0.552021,STRONG_BUY,14
2026-08-07,baseline,d8db114bc8,SOXX,0.525556,STRONG_BUY,15
2026-08-07,baseline,d8db114bc8,AMZN,0.514269,STRONG_BUY,16
2026-08-07,baseline,d8db114bc8,GOOG,0.49415,BUY,17
2026-08-07,baseline,d8db114bc8,HOOD,0.487124,BUY,18
2026-08-07,baseline,d8db114bc8,IREN,0.469717,STRONG_BUY,19
2026-08-07,baseline,d8db114bc8,AIPO,0.439202,BUY,20
2026-08-07,baseline,d8db114bc8,KO,0.240274,BUY,21
2026-08-07,baseline,d8db114bc8,NFLX,0.23438,BUY,22
2026-08-07,baseline,d8db114bc8,GEV,0.219151,BUY,23
2026-08-07,baseline,d8db114bc8,DRAM,0.18516,BUY,24
2026-08-07,baseline,d8db114bc8,VRT,0.127254,BUY,25
2026-08-07,baseline,d8db114bc8,NBIS,0.125127,BUY,26
2026-08-07,baseline,d8db114bc8,MU,0.043383,BUY,27
2026-08-10,bundle,aa2e590339,ASMU,0.609627,STRONG_BUY,1
2026-08-10,bundle,aa2e590339,KRMN,0.57502,STRONG_BUY,2
2026-08-10,bundle,aa2e590339,NVDA,0.551286,STRONG_BUY,3
2026-08-10,bundle,aa2e590339,AAUC,0.485676,BUY,4
2026-08-10,bundle,aa2e590339,AMZN,0.440689,BUY,5
2026-08-10,bundle,aa2e590339,MRVU,0.408236,BUY,6
2026-08-10,bundle,aa2e590339,ELVR,0.399124,BUY,7
2026-08-10,bundle,aa2e590339,AIPO,0.329857,BUY,8
2026-08-10,bundle,aa2e590339,CFG,0.313968,BUY,9
2026-08-10,bundle,aa2e590339,GOOG,0.306116,BUY,10
2026-08-10,bundle,aa2e590339,HOOD,0.280076,BUY,11
2026-08-10,bundle,aa2e590339,IREN,0.267287,BUY,12
2026-08-10,bundle,aa2e590339,NFLX,0.231857,BUY,13
2026-08-10,bundle,aa2e590339,DRAM,0.162185,BUY,14
2026-08-10,bundle,aa2e590339,VRT,0.154987,BUY,15
2026-08-10,baseline,d8db114bc8,MNST,1.030012,STRONG_BUY,1
2026-08-10,baseline,d8db114bc8,ASMU,0.702824,STRONG_BUY,2
2026-08-10,baseline,d8db114bc8,KRMN,0.660595,STRONG_BUY,3
2026-08-10,baseline,d8db114bc8,NVDA,0.622017,STRONG_BUY,4
2026-08-10,baseline,d8db114bc8,AAUC,0.549064,STRONG_BUY,5
2026-08-10,baseline,d8db114bc8,AMZN,0.503654,STRONG_BUY,6
2026-08-10,baseline,d8db114bc8,INTC,0.47563,BUY,7
2026-08-10,baseline,d8db114bc8,SOXX,0.465518,BUY,8
2026-08-10,baseline,d8db114bc8,MRVU,0.464808,BUY,9
2026-08-10,baseline,d8db114bc8,ELVR,0.459209,STRONG_BUY,10
2026-08-10,baseline,d8db114bc8,MRVL,0.435006,BUY,11
2026-08-10,baseline,d8db114bc8,AIPO,0.38062,BUY,12
2026-08-10,baseline,d8db114bc8,GEV,0.351534,BUY,13
2026-08-10,baseline,d8db114bc8,GOOG,0.349321,BUY,14
2026-08-10,baseline,d8db114bc8,HOOD,0.344115,BUY,15
2026-08-10,baseline,d8db114bc8,IREN,0.323022,BUY,16
2026-08-10,baseline,d8db114bc8,NFLX,0.263915,BUY,17
2026-08-10,baseline,d8db114bc8,DRAM,0.197378,BUY,18
2026-08-10,baseline,d8db114bc8,VRT,0.175497,BUY,19
2026-08-10,baseline,d8db114bc8,MU,0.137693,BUY,20
2026-08-11,bundle,aa2e590339,Q,0.708341,STRONG_BUY,1
2026-08-11,bundle,aa2e590339,ASMU,0.699797,STRONG_BUY,2
2026-08-11,bundle,aa2e590339,KRMN,0.650628,STRONG_BUY,3
2026-08-11,bundle,aa2e590339,MRVU,0.629798,STRONG_BUY,4
2026-08-11,bundle,aa2e590339,GEV,0.616367,STRONG_BUY,5
2026-08-11,bundle,aa2e590339,AIPO,0.559427,STRONG_BUY,6
2026-08-11,bundle,aa2e590339,DRAM,0.551736,STRONG_BUY,7
2026-08-11,bundle,aa2e590339,VRT,0.505303,STRONG_BUY,8
2026-08-11,bundle,aa2e590339,ELVR,0.502461,STRONG_BUY,9
2026-08-11,bundle,aa2e590339,IREN,0.474767,STRONG_BUY,10
2026-08-11,bundle,aa2e590339,AMZN,0.36533,BUY,11
2026-08-11,bundle,aa2e590339,HOOD,0.323733,BUY,12
2026-08-11,bundle,aa2e590339,GOOG,0.102431,BUY,13
2026-08-11,baseline,d8db114bc8,ASMU,0.80579,STRONG_BUY,1
2026-08-11,baseline,d8db114bc8,KRMN,0.749934,STRONG_BUY,2
2026-08-11,baseline,d8db114bc8,MRVU,0.721127,STRONG_BUY,3
2026-08-11,baseline,d8db114bc8,Q,0.706524,STRONG_BUY,4
2026-08-11,baseline,d8db114bc8,GEV,0.694004,STRONG_BUY,5
2026-08-11,baseline,d8db114bc8,SOXX,0.660495,STRONG_BUY,6
2026-08-11,baseline,d8db114bc8,DRAM,0.643623,STRONG_BUY,7
2026-08-11,baseline,d8db114bc8,MU,0.643057,STRONG_BUY,8
2026-08-11,baseline,d8db114bc8,AIPO,0.64158,STRONG_BUY,9
2026-08-11,baseline,d8db114bc8,MRVL,0.636542,STRONG_BUY,10
2026-08-11,baseline,d8db114bc8,INTC,0.612453,STRONG_BUY,11
2026-08-11,baseline,d8db114bc8,ELVR,0.583317,STRONG_BUY,12
2026-08-11,baseline,d8db114bc8,VRT,0.57386,STRONG_BUY,13
2026-08-11,baseline,d8db114bc8,IREN,0.558343,STRONG_BUY,14
2026-08-11,baseline,d8db114bc8,AMZN,0.420825,BUY,15
2026-08-11,baseline,d8db114bc8,HOOD,0.397426,BUY,16
2026-08-11,baseline,d8db114bc8,GOOG,0.121963,BUY,17
2026-08-12,bundle,aa2e590339,SMCI,0.963559,STRONG_BUY,1
2026-08-12,bundle,aa2e590339,CRWV,0.882455,STRONG_BUY,2
2026-08-12,bundle,aa2e590339,VRT,0.788401,STRONG_BUY,3
2026-08-12,bundle,aa2e590339,IMSR,0.784001,STRONG_BUY,4
2026-08-12,bundle,aa2e590339,AAUC,0.769572,STRONG_BUY,5
2026-08-12,bundle,aa2e590339,Q,0.737899,STRONG_BUY,6
2026-08-12,bundle,aa2e590339,MRVU,0.701719,STRONG_BUY,7
2026-08-12,bundle,aa2e590339,IREN,0.698011,STRONG_BUY,8
2026-08-12,bundle,aa2e590339,DRAM,0.664304,STRONG_BUY,9
2026-08-12,bundle,aa2e590339,AIPO,0.645078,STRONG_BUY,10
2026-08-12,bundle,aa2e590339,GEV,0.615841,STRONG_BUY,11
2026-08-12,bundle,aa2e590339,KRMN,0.573074,STRONG_BUY,12
2026-08-12,bundle,aa2e590339,ELVR,0.526296,STRONG_BUY,13
2026-08-12,bundle,aa2e590339,CFG,0.41453,BUY,14
2026-08-12,bundle,aa2e590339,HOOD,0.393819,BUY,15
2026-08-12,bundle,aa2e590339,AMZN,0.369512,BUY,16
2026-08-12,bundle,aa2e590339,GOOG,0.024197,BUY,17
2026-08-12,baseline,d8db114bc8,SMCI,1.019952,STRONG_BUY,1
2026-08-12,baseline,d8db114bc8,KRMN,0.996631,STRONG_BUY,2
2026-08-12,baseline,d8db114bc8,CRWV,0.987409,STRONG_BUY,3
2026-08-12,baseline,d8db114bc8,VRT,0.897753,STRONG_BUY,4
2026-08-12,baseline,d8db114bc8,MU,0.843908,STRONG_BUY,5
2026-08-12,baseline,d8db114bc8,IREN,0.804644,STRONG_BUY,6
2026-08-12,baseline,d8db114bc8,DRAM,0.769707,STRONG_BUY,7
2026-08-12,baseline,d8db114bc8,AIPO,0.735671,STRONG_BUY,8
2026-08-12,baseline,d8db114bc8,SOXX,0.732885,STRONG_BUY,9
2026-08-12,baseline,d8db114bc8,GEV,0.686479,STRONG_BUY,10
2026-08-12,baseline,d8db114bc8,INTC,0.682297,STRONG_BUY,11
2026-08-12,baseline,d8db114bc8,ELVR,0.598585,STRONG_BUY,12
2026-08-12,baseline,d8db114bc8,HOOD,0.480004,BUY,13
2026-08-12,baseline,d8db114bc8,CFG,0.455593,BUY,14
2026-08-12,baseline,d8db114bc8,AMZN,0.430327,BUY,15
2026-08-12,baseline,d8db114bc8,LBRX,0.316454,BUY,16
2026-08-12,baseline,d8db114bc8,MRVU,0.298501,BUY,17
2026-08-12,baseline,d8db114bc8,IMSR,0.238544,BUY,18
2026-08-12,baseline,d8db114bc8,MRVL,0.211664,BUY,19
2026-08-12,baseline,d8db114bc8,GOOG,0.037025,BUY,20
2026-08-13,bundle,aa2e590339,FGI,1.226595,STRONG_BUY,1
2026-08-13,bundle,aa2e590339,TBBB,0.983762,STRONG_BUY,2
2026-08-13,bundle,aa2e590339,SMCI,0.771871,STRONG_BUY,3
2026-08-13,bundle,aa2e590339,KRMN,0.742938,STRONG_BUY,4
2026-08-13,bundle,aa2e590339,AAUC,0.707132,STRONG_BUY,5
2026-08-13,bundle,aa2e590339,VRT,0.532146,STRONG_BUY,6
2026-08-13,bundle,aa2e590339,ELVR,0.515911,STRONG_BUY,7
2026-08-13,bundle,aa2e590339,HOOD,0.504012,STRONG_BUY,8
2026-08-13,bundle,aa2e590339,CRWV,0.501958,STRONG_BUY,9
2026-08-13,bundle,aa2e590339,INFQ,0.38811,BUY,10
2026-08-13,bundle,aa2e590339,MRVU,0.345005,BUY,11
2026-08-13,bundle,aa2e590339,CFG,0.334205,BUY,12
2026-08-13,bundle,aa2e590339,IMSR,0.315197,BUY,13
2026-08-13,bundle,aa2e590339,ASMU,0.306858,BUY,14
2026-08-13,bundle,aa2e590339,NBIS,0.284753,BUY,15
2026-08-13,bundle,aa2e590339,GEV,0.209293,BUY,16
2026-08-13,bundle,aa2e590339,AIPO,0.207346,BUY,17
2026-08-13,bundle,aa2e590339,DRAM,0.202554,BUY,18
2026-08-13,bundle,aa2e590339,NFLX,0.158445,BUY,19
2026-08-13,bundle,aa2e590339,JNJ,0.121144,BUY,20
2026-08-13,bundle,aa2e590339,IREN,0.084218,BUY,21
2026-08-13,baseline,d8db114bc8,AZ,1.162835,STRONG_BUY,1
2026-08-13,baseline,d8db114bc8,TBBB,1.032175,STRONG_BUY,2
2026-08-13,baseline,d8db114bc8,AAUC,0.810533,STRONG_BUY,3
2026-08-13,baseline,d8db114bc8,SMCI,0.797908,STRONG_BUY,4
2026-08-13,baseline,d8db114bc8,KRMN,0.707456,STRONG_BUY,5
2026-08-13,baseline,d8db114bc8,VRT,0.60514,STRONG_BUY,6
2026-08-13,baseline,d8db114bc8,HOOD,0.604405,STRONG_BUY,7
2026-08-13,baseline,d8db114bc8,CRWV,0.566713,STRONG_BUY,8
2026-08-13,baseline,d8db114bc8,ELVR,0.485219,STRONG_BUY,9
2026-08-13,baseline,d8db114bc8,INFQ,0.43928,BUY,10
2026-08-13,baseline,d8db114bc8,MRVU,0.386483,BUY,11
2026-08-13,baseline,d8db114bc8,IMSR,0.373279,BUY,12
2026-08-13,baseline,d8db114bc8,MRVL,0.365963,BUY,13
2026-08-13,baseline,d8db114bc8,ASMU,0.365443,BUY,14
2026-08-13,baseline,d8db114bc8,INTC,0.304716,BUY,15
2026-08-13,baseline,d8db114bc8,NBIS,0.303287,BUY,16
2026-08-13,baseline,d8db114bc8,SOXX,0.29168,BUY,17
2026-08-13,baseline,d8db114bc8,CFG,0.265611,BUY,18
2026-08-13,baseline,d8db114bc8,DRAM,0.241151,BUY,19
2026-08-13,baseline,d8db114bc8,AIPO,0.236144,BUY,20
2026-08-13,baseline,d8db114bc8,GEV,0.219524,BUY,21
2026-08-13,baseline,d8db114bc8,MU,0.195428,BUY,22
2026-08-13,baseline,d8db114bc8,NFLX,0.169481,BUY,23
2026-08-13,baseline,d8db114bc8,IREN,0.095034,BUY,24
2026-08-14,bundle,aa2e590339,KRMN,0.688832,STRONG_BUY,1
2026-08-14,bundle,aa2e590339,SMCI,0.66323,STRONG_BUY,2
2026-08-14,bundle,aa2e590339,PLTR,0.642012,STRONG_BUY,3
2026-08-14,bundle,aa2e590339,INFQ,0.535111,STRONG_BUY,4
2026-08-14,bundle,aa2e590339,CRWV,0.528093,STRONG_BUY,5
2026-08-14,bundle,aa2e590339,AAUC,0.48299,BUY,6
2026-08-14,bundle,aa2e590339,IMSR,0.469795,BUY,7
2026-08-14,bundle,aa2e590339,ELVR,0.44176,BUY,8
2026-08-14,bundle,aa2e590339,CFG,0.416403,BUY,9
2026-08-14,bundle,aa2e590339,HOOD,0.414626,BUY,10
2026-08-14,bundle,aa2e590339,NFLX,0.411135,BUY,11
2026-08-14,bundle,aa2e590339,NBIS,0.380984,BUY,12
2026-08-14,bundle,aa2e590339,NEE,0.357156,BUY,13
2026-08-14,bundle,aa2e590339,DRAM,0.337809,BUY,14
2026-08-14,bundle,aa2e590339,ASMU,0.330519,BUY,15
2026-08-14,bundle,aa2e590339,MRVU,0.326882,BUY,16
2026-08-14,bundle,aa2e590339,GEV,0.324741,BUY,17
2026-08-14,bundle,aa2e590339,O,0.318499,BUY,18
2026-08-14,bundle,aa2e590339,VRT,0.316958,BUY,19
2026-08-14,bundle,aa2e590339,JNJ,0.209917,BUY,20
2026-08-14,bundle,aa2e590339,AIPO,0.161171,BUY,21
2026-08-14,bundle,aa2e590339,IREN,0.153656,BUY,22
2026-08-14,baseline,d8db114bc8,EGO,1.068317,STRONG_BUY,1
2026-08-14,baseline,d8db114bc8,RDDT,0.87396,STRONG_BUY,2
2026-08-14,baseline,d8db114bc8,KRMN,0.786001,STRONG_BUY,3
2026-08-14,baseline,d8db114bc8,SMCI,0.713341,STRONG_BUY,4
2026-08-14,baseline,d8db114bc8,INFQ,0.611742,STRONG_BUY,5
2026-08-14,baseline,d8db114bc8,CRWV,0.607399,STRONG_BUY,6
2026-08-14,baseline,d8db114bc8,IMSR,0.548269,STRONG_BUY,7
2026-08-14,baseline,d8db114bc8,AAUC,0.544871,STRONG_BUY,8
2026-08-14,baseline,d8db114bc8,HOOD,0.499843,STRONG_BUY,9
2026-08-14,baseline,d8db114bc8,ELVR,0.498297,BUY,10
2026-08-14,baseline,d8db114bc8,NFLX,0.458367,STRONG_BUY,11
2026-08-14,baseline,d8db114bc8,MU,0.439598,BUY,12
2026-08-14,baseline,d8db114bc8,NEE,0.428355,BUY,13
2026-08-14,baseline,d8db114bc8,NBIS,0.417511,BUY,14
2026-08-14,baseline,d8db114bc8,DRAM,0.396688,BUY,15
2026-08-14,baseline,d8db114bc8,O,0.396545,BUY,16
2026-08-14,baseline,d8db114bc8,ASMU,0.390151,BUY,17
2026-08-14,baseline,d8db114bc8,MRVU,0.371114,BUY,18
2026-08-14,baseline,d8db114bc8,CFG,0.368312,BUY,19
2026-08-14,baseline,d8db114bc8,VRT,0.355929,BUY,20
2026-08-14,baseline,d8db114bc8,INTC,0.290595,BUY,21
2026-08-14,baseline,d8db114bc8,MRVL,0.267999,BUY,22
2026-08-14,baseline,d8db114bc8,SOXX,0.265945,BUY,23
2026-08-14,baseline,d8db114bc8,JNJ,0.223863,BUY,24
2026-08-14,baseline,d8db114bc8,GEV,0.203143,BUY,25
2026-08-14,baseline,d8db114bc8,AIPO,0.177624,BUY,26
2026-08-14,baseline,d8db114bc8,IREN,0.173135,BUY,27
2026-08-17,bundle,aa2e590339,LUNR,0.721507,STRONG_BUY,1
2026-08-17,bundle,aa2e590339,KRMN,0.590295,STRONG_BUY,2
2026-08-17,bundle,aa2e590339,ELVR,0.567364,STRONG_BUY,3
2026-08-17,bundle,aa2e590339,SMCI,0.529475,STRONG_BUY,4
2026-08-17,bundle,aa2e590339,JNJ,0.447644,BUY,5
2026-08-17,bundle,aa2e590339,NEE,0.397236,BUY,6
2026-08-17,bundle,aa2e590339,MU,0.375542,BUY,7
2026-08-17,bundle,aa2e590339,DRAM,0.359202,BUY,8
2026-08-17,bundle,aa2e590339,O,0.357709,BUY,9
2026-08-17,bundle,aa2e590339,CRDO,0.342089,BUY,10
2026-08-17,bundle,aa2e590339,ASMU,0.310057,BUY,11
2026-08-17,bundle,aa2e590339,IMSR,0.267748,BUY,12
2026-08-17,bundle,aa2e590339,HOOD,0.243235,BUY,13
2026-08-17,bundle,aa2e590339,MRVU,0.227248,BUY,14
2026-08-17,bundle,aa2e590339,AAUC,0.22033,BUY,15
2026-08-17,bundle,aa2e590339,INFQ,0.20504,BUY,16
2026-08-17,bundle,aa2e590339,SOXX,0.181557,BUY,17
2026-08-17,bundle,aa2e590339,NBIS,0.161988,BUY,18
2026-08-17,bundle,aa2e590339,VRT,0.093384,BUY,19
2026-08-17,bundle,aa2e590339,ENB,0.071461,BUY,20
2026-08-17,baseline,d8db114bc8,ODFL,0.962749,STRONG_BUY,1
2026-08-17,baseline,d8db114bc8,KRMN,0.665358,STRONG_BUY,2
2026-08-17,baseline,d8db114bc8,SMCI,0.569807,STRONG_BUY,3
2026-08-17,baseline,d8db114bc8,ELVR,0.53167,STRONG_BUY,4
2026-08-17,baseline,d8db114bc8,NEE,0.469081,BUY,5
2026-08-17,baseline,d8db114bc8,CELH,0.464468,BUY,6
2026-08-17,baseline,d8db114bc8,O,0.457801,BUY,7
2026-08-17,baseline,d8db114bc8,MU,0.422841,BUY,8
2026-08-17,baseline,d8db114bc8,DRAM,0.418687,BUY,9
2026-08-17,baseline,d8db114bc8,CRDO,0.377537,BUY,10
2026-08-17,baseline,d8db114bc8,ASMU,0.365844,BUY,11
2026-08-17,baseline,d8db114bc8,IMSR,0.320454,BUY,12
2026-08-17,baseline,d8db114bc8,CFG,0.312368,BUY,13
2026-08-17,baseline,d8db114bc8,HOOD,0.295958,BUY,14
2026-08-17,baseline,d8db114bc8,MRVU,0.256375,BUY,15
2026-08-17,baseline,d8db114bc8,INFQ,0.230868,BUY,16
2026-08-17,baseline,d8db114bc8,MRVL,0.226989,BUY,17
2026-08-17,baseline,d8db114bc8,INTC,0.208941,BUY,18
2026-08-17,baseline,d8db114bc8,SOXX,0.200495,BUY,19
2026-08-17,baseline,d8db114bc8,NBIS,0.17821,BUY,20
2026-08-17,baseline,d8db114bc8,ENB,0.122069,BUY,21
2026-08-17,baseline,d8db114bc8,VRT,0.102633,BUY,22
2026-08-18,bundle,aa2e590339,TNK,0.851244,STRONG_BUY,1
2026-08-18,bundle,aa2e590339,FRO,0.811645,STRONG_BUY,2
2026-08-18,bundle,aa2e590339,JNJ,0.755035,STRONG_BUY,3
2026-08-18,bundle,aa2e590339,ABBV,0.690981,STRONG_BUY,4
2026-08-18,bundle,aa2e590339,TRGP,0.592221,STRONG_BUY,5
2026-08-18,bundle,aa2e590339,COKE,0.502571,STRONG_BUY,6
2026-08-18,bundle,aa2e590339,O,0.488297,BUY,7
2026-08-18,bundle,aa2e590339,SOBO,0.473564,BUY,8
2026-08-18,bundle,aa2e590339,ENB,0.338304,BUY,9
2026-08-18,bundle,aa2e590339,ELVR,0.237679,BUY,10
2026-08-18,bundle,aa2e590339,NEE,0.21296,BUY,11
2026-08-18,bundle,aa2e590339,AAUC,0.185449,BUY,12
2026-08-18,bundle,aa2e590339,ASMU,0.04801,BUY,13
2026-08-18,bundle,aa2e590339,VRT,0.030772,BUY,14
2026-08-18,bundle,aa2e590339,NFLX,0.026644,BUY,15
2026-08-18,baseline,d8db114bc8,PLD,1.194917,STRONG_BUY,1
2026-08-18,baseline,d8db114bc8,TNK,0.927155,STRONG_BUY,2
2026-08-18,baseline,d8db114bc8,PM,0.909193,STRONG_BUY,3
2026-08-18,baseline,d8db114bc8,ENB,0.820853,STRONG_BUY,4
2026-08-18,baseline,d8db114bc8,FRO,0.792022,STRONG_BUY,5
2026-08-18,baseline,d8db114bc8,TRGP,0.699843,STRONG_BUY,6
2026-08-18,baseline,d8db114bc8,JNJ,0.658488,STRONG_BUY,7
2026-08-18,baseline,d8db114bc8,O,0.594944,STRONG_BUY,8
2026-08-18,baseline,d8db114bc8,SOBO,0.550913,STRONG_BUY,9
2026-08-18,baseline,d8db114bc8,TBBB,0.470225,BUY,10
2026-08-18,baseline,d8db114bc8,DTM,0.381266,BUY,11
2026-08-18,baseline,d8db114bc8,ELVR,0.270036,BUY,12
2026-08-18,baseline,d8db114bc8,NEE,0.254648,BUY,13
2026-08-18,baseline,d8db114bc8,AAUC,0.23791,BUY,14
2026-08-18,baseline,d8db114bc8,ASMU,0.084411,BUY,15
2026-08-18,baseline,d8db114bc8,HOOD,0.079154,BUY,16
2026-08-18,baseline,d8db114bc8,VRT,0.043127,BUY,17
2026-08-18,baseline,d8db114bc8,MU,0.012462,BUY,18
2026-08-19,bundle,aa2e590339,MRNA,1.155809,STRONG_BUY,1
2026-08-19,bundle,aa2e590339,TNK,0.978963,STRONG_BUY,2
2026-08-19,bundle,aa2e590339,FRO,0.933277,STRONG_BUY,3
2026-08-19,bundle,aa2e590339,GILD,0.837445,STRONG_BUY,4
2026-08-19,bundle,aa2e590339,ABBV,0.673187,STRONG_BUY,5
2026-08-19,bundle,aa2e590339,ENB,0.57668,STRONG_BUY,6
2026-08-19,bundle,aa2e590339,TBBB,0.554058,STRONG_BUY,7
2026-08-19,bundle,aa2e590339,O,0.484778,BUY,8
2026-08-19,bundle,aa2e590339,SOBO,0.478015,BUY,9
2026-08-19,bundle,aa2e590339,CELH,0.465408,BUY,10
2026-08-19,bundle,aa2e590339,JNJ,0.45669,BUY,11
2026-08-19,bundle,aa2e590339,NEE,0.392902,BUY,12
2026-08-19,bundle,aa2e590339,NFLX,0.323552,BUY,13
2026-08-19,bundle,aa2e590339,AAUC,0.284285,BUY,14
2026-08-19,bundle,aa2e590339,ELVR,0.250175,BUY,15
2026-08-19,bundle,aa2e590339,HOOD,0.110537,BUY,16
2026-08-19,bundle,aa2e590339,IREN,0.085832,BUY,17
2026-08-19,bundle,aa2e590339,KO,0.065614,BUY,18
2026-08-19,bundle,aa2e590339,ASMU,0.064297,BUY,19
2026-08-19,baseline,d8db114bc8,MRNA,1.227884,STRONG_BUY,1
2026-08-19,baseline,d8db114bc8,WM,1.12887,STRONG_BUY,2
2026-08-19,baseline,d8db114bc8,O,1.107662,STRONG_BUY,3
2026-08-19,baseline,d8db114bc8,FRO,0.918221,STRONG_BUY,4
2026-08-19,baseline,d8db114bc8,DTM,0.8008,STRONG_BUY,5
2026-08-19,baseline,d8db114bc8,ABBV,0.761199,STRONG_BUY,6
2026-08-19,baseline,d8db114bc8,NEE,0.731366,STRONG_BUY,7
2026-08-19,baseline,d8db114bc8,ENB,0.704215,STRONG_BUY,8
2026-08-19,baseline,d8db114bc8,SOBO,0.557469,STRONG_BUY,9
2026-08-19,baseline,d8db114bc8,CELH,0.531981,STRONG_BUY,10
2026-08-19,baseline,d8db114bc8,JNJ,0.49007,BUY,11
2026-08-19,baseline,d8db114bc8,NFLX,0.350439,BUY,12
2026-08-19,baseline,d8db114bc8,AAUC,0.321104,BUY,13
2026-08-19,baseline,d8db114bc8,ELVR,0.285797,BUY,14
2026-08-19,baseline,d8db114bc8,HOOD,0.125541,BUY,15
2026-08-19,baseline,d8db114bc8,IREN,0.113355,BUY,16
2026-08-19,baseline,d8db114bc8,ASMU,0.101613,BUY,17
2026-08-19,baseline,d8db114bc8,KO,0.066935,BUY,18
2026-08-19,baseline,d8db114bc8,DRAM,0.008996,BUY,19
2026-08-19,baseline,d8db114bc8,MU,0.005685,BUY,20
2026-08-20,bundle,aa2e590339,NRDY,1.277947,STRONG_BUY,1
2026-08-20,bundle,aa2e590339,MSTR,0.883247,STRONG_BUY,2
2026-08-20,bundle,aa2e590339,CELH,0.853817,STRONG_BUY,3
2026-08-20,bundle,aa2e590339,TBBB,0.642661,STRONG_BUY,4
2026-08-20,bundle,aa2e590339,BMNR,0.624282,STRONG_BUY,5
2026-08-20,bundle,aa2e590339,NEE,0.540826,STRONG_BUY,6
2026-08-20,bundle,aa2e590339,SOBO,0.523573,STRONG_BUY,7
2026-08-20,bundle,aa2e590339,O,0.487844,BUY,8
2026-08-20,bundle,aa2e590339,ENB,0.468566,BUY,9
2026-08-20,bundle,aa2e590339,NFLX,0.406956,BUY,10
2026-08-20,bundle,aa2e590339,MRVU,0.331228,BUY,11
2026-08-20,bundle,aa2e590339,MRVL,0.295682,BUY,12
2026-08-20,bundle,aa2e590339,JNJ,0.278801,BUY,13
2026-08-20,bundle,aa2e590339,DRAM,0.232869,BUY,14
2026-08-20,bundle,aa2e590339,ELVR,0.220651,BUY,15
2026-08-20,bundle,aa2e590339,NBIS,0.202755,BUY,16
2026-08-20,bundle,aa2e590339,IREN,0.195605,BUY,17
2026-08-20,bundle,aa2e590339,HOOD,0.172965,BUY,18
2026-08-20,bundle,aa2e590339,KO,0.123003,BUY,19
2026-08-20,bundle,aa2e590339,ASMU,0.033339,BUY,20
2026-08-20,baseline,d8db114bc8,NXTT,1.238725,STRONG_BUY,1
2026-08-20,baseline,d8db114bc8,ENB,1.079955,STRONG_BUY,2
2026-08-20,baseline,d8db114bc8,CELH,0.971729,STRONG_BUY,3
2026-08-20,baseline,d8db114bc8,NEE,0.954373,STRONG_BUY,4
2026-08-20,baseline,d8db114bc8,KGC,0.873428,STRONG_BUY,5
2026-08-20,baseline,d8db114bc8,MSTR,0.802136,STRONG_BUY,6
2026-08-20,baseline,d8db114bc8,BMNR,0.703036,STRONG_BUY,7
2026-08-20,baseline,d8db114bc8,TBBB,0.700844,STRONG_BUY,8
2026-08-20,baseline,d8db114bc8,O,0.578681,STRONG_BUY,9
2026-08-20,baseline,d8db114bc8,NFLX,0.455796,STRONG_BUY,10
2026-08-20,baseline,d8db114bc8,MRVU,0.370765,BUY,11
2026-08-20,baseline,d8db114bc8,MRVL,0.31179,BUY,12
2026-08-20,baseline,d8db114bc8,JNJ,0.291391,BUY,13
2026-08-20,baseline,d8db114bc8,DRAM,0.280694,BUY,14
2026-08-20,baseline,d8db114bc8,NBIS,0.246474,BUY,15
2026-08-20,baseline,d8db114bc8,IREN,0.239727,BUY,16
2026-08-20,baseline,d8db114bc8,ELVR,0.216218,BUY,17
2026-08-20,baseline,d8db114bc8,HOOD,0.199144,BUY,18
2026-08-20,baseline,d8db114bc8,KO,0.130613,BUY,19
2026-08-20,baseline,d8db114bc8,MU,0.129916,BUY,20
2026-08-20,baseline,d8db114bc8,ASMU,0.059708,BUY,21
2026-08-21,bundle,aa2e590339,TBBB,0.711962,STRONG_BUY,1
2026-08-21,bundle,aa2e590339,BMNR,0.672468,STRONG_BUY,2
2026-08-21,bundle,aa2e590339,MSTR,0.667608,STRONG_BUY,3
2026-08-21,bundle,aa2e590339,HOOD,0.587976,STRONG_BUY,4
2026-08-21,bundle,aa2e590339,ENB,0.478496,BUY,5
2026-08-21,bundle,aa2e590339,DRAM,0.341521,BUY,6
2026-08-21,bundle,aa2e590339,O,0.341078,BUY,7
2026-08-21,bundle,aa2e590339,SOBO,0.338792,BUY,8
2026-08-21,bundle,aa2e590339,CELH,0.332017,BUY,9
2026-08-21,bundle,aa2e590339,NEE,0.328421,BUY,10
2026-08-21,bundle,aa2e590339,NFLX,0.253749,BUY,11
2026-08-21,bundle,aa2e590339,NBIS,0.246958,BUY,12
2026-08-21,bundle,aa2e590339,JNJ,0.233845,BUY,13
2026-08-21,bundle,aa2e590339,KO,0.197825,BUY,14
2026-08-21,bundle,aa2e590339,ELVR,0.099431,BUY,15
2026-08-21,bundle,aa2e590339,MRVU,0.031304,BUY,16
2026-08-21,baseline,d8db114bc8,ENB,1.079753,STRONG_BUY,1
2026-08-21,baseline,d8db114bc8,COCO,0.977091,STRONG_BUY,2
2026-08-21,baseline,d8db114bc8,O,0.916979,STRONG_BUY,3
2026-08-21,baseline,d8db114bc8,NXTT,0.906503,STRONG_BUY,4
2026-08-21,baseline,d8db114bc8,TBBB,0.783692,STRONG_BUY,5
2026-08-21,baseline,d8db114bc8,GME,0.7487,STRONG_BUY,6
2026-08-21,baseline,d8db114bc8,BMNR,0.748631,STRONG_BUY,7
2026-08-21,baseline,d8db114bc8,HOOD,0.496243,BUY,8
2026-08-21,baseline,d8db114bc8,NEE,0.407463,BUY,9
2026-08-21,baseline,d8db114bc8,DRAM,0.403881,BUY,10
2026-08-21,baseline,d8db114bc8,SOBO,0.396485,BUY,11
2026-08-21,baseline,d8db114bc8,NBIS,0.296111,BUY,12
2026-08-21,baseline,d8db114bc8,NFLX,0.288882,BUY,13
2026-08-21,baseline,d8db114bc8,KO,0.216528,BUY,14
2026-08-21,baseline,d8db114bc8,MU,0.195602,BUY,15
2026-08-21,baseline,d8db114bc8,ELVR,0.070543,BUY,16
2026-08-21,baseline,d8db114bc8,MRVU,0.029371,BUY,17
2026-08-21,baseline,d8db114bc8,MRVL,0.003955,BUY,18
2026-08-21,baseline,d8db114bc8,IREN,0.003838,BUY,19
2026-08-24,bundle,aa2e590339,BMNR,0.889574,STRONG_BUY,1
2026-08-24,bundle,aa2e590339,MSTR,0.729644,STRONG_BUY,2
2026-08-24,bundle,aa2e590339,TBBB,0.68141,STRONG_BUY,3
2026-08-24,bundle,aa2e590339,HG,0.573102,STRONG_BUY,4
2026-08-24,bundle,aa2e590339,MARA,0.526917,STRONG_BUY,5
2026-08-24,bundle,aa2e590339,CELH,0.45781,STRONG_BUY,6
2026-08-24,bundle,aa2e590339,O,0.432485,BUY,7
2026-08-24,bundle,aa2e590339,ENB,0.384747,BUY,8
2026-08-24,bundle,aa2e590339,KO,0.36158,BUY,9
2026-08-24,bundle,aa2e590339,NEE,0.32909,BUY,10
2026-08-24,bundle,aa2e590339,DRAM,0.263733,BUY,11
2026-08-24,bundle,aa2e590339,HOOD,0.209129,BUY,12
2026-08-24,bundle,aa2e590339,JNJ,0.184325,BUY,13
2026-08-24,bundle,aa2e590339,ELVR,0.116897,BUY,14
2026-08-24,bundle,aa2e590339,MRVU,0.105175,BUY,15
2026-08-24,baseline,d8db114bc8,BMNR,0.985907,STRONG_BUY,1
2026-08-24,baseline,d8db114bc8,NATL,0.967634,STRONG_BUY,2
2026-08-24,baseline,d8db114bc8,GME,0.80263,STRONG_BUY,3
2026-08-24,baseline,d8db114bc8,TBBB,0.752495,STRONG_BUY,4
2026-08-24,baseline,d8db114bc8,HG,0.610063,STRONG_BUY,5
2026-08-24,baseline,d8db114bc8,CELH,0.514949,STRONG_BUY,6
2026-08-24,baseline,d8db114bc8,O,0.513235,STRONG_BUY,7
2026-08-24,baseline,d8db114bc8,ENB,0.472898,BUY,8
2026-08-24,baseline,d8db114bc8,KO,0.40447,BUY,9
2026-08-24,baseline,d8db114bc8,NEE,0.399311,BUY,10
2026-08-24,baseline,d8db114bc8,DRAM,0.315542,BUY,11
2026-08-24,baseline,d8db114bc8,HOOD,0.243891,BUY,12
2026-08-24,baseline,d8db114bc8,NBIS,0.188762,BUY,13
2026-08-24,baseline,d8db114bc8,MRVU,0.12914,BUY,14
2026-08-24,baseline,d8db114bc8,MU,0.12775,BUY,15
2026-08-24,baseline,d8db114bc8,ELVR,0.101191,BUY,16
2026-08-25,bundle,aa2e590339,B,1.026705,STRONG_BUY,1
2026-08-25,bundle,aa2e590339,BMNR,0.927273,STRONG_BUY,2
2026-08-25,bundle,aa2e590339,KGC,0.801304,STRONG_BUY,3
2026-08-25,bundle,aa2e590339,MSTR,0.782552,STRONG_BUY,4
2026-08-25,bundle,aa2e590339,ALM,0.717544,STRONG_BUY,5
2026-08-25,bundle,aa2e590339,HOOD,0.599597,STRONG_BUY,6
2026-08-25,bundle,aa2e590339,NFLX,0.494775,BUY,7
2026-08-25,bundle,aa2e590339,KO,0.394519,BUY,8
2026-08-25,bundle,aa2e590339,O,0.373545,BUY,9
2026-08-25,bundle,aa2e590339,JNJ,0.26177,BUY,10
2026-08-25,bundle,aa2e590339,ENB,0.259469,BUY,11
2026-08-25,bundle,aa2e590339,DRAM,0.237998,BUY,12
2026-08-25,bundle,aa2e590339,MRVU,0.165829,BUY,13
2026-08-25,bundle,aa2e590339,NBIS,0.084377,BUY,14
2026-08-25,bundle,aa2e590339,ELVR,0.040281,BUY,15
2026-08-25,bundle,aa2e590339,LBRX,0.033226,BUY,16
2026-08-25,baseline,d8db114bc8,B,1.152401,STRONG_BUY,1
2026-08-25,baseline,d8db114bc8,BMNR,1.019791,STRONG_BUY,2
2026-08-25,baseline,d8db114bc8,O,0.952604,STRONG_BUY,3
2026-08-25,baseline,d8db114bc8,KGC,0.886023,STRONG_BUY,4
2026-08-25,baseline,d8db114bc8,MSTR,0.845402,STRONG_BUY,5
2026-08-25,baseline,d8db114bc8,HG,0.831662,STRONG_BUY,6
2026-08-25,baseline,d8db114bc8,ALM,0.806399,STRONG_BUY,7
2026-08-25,baseline,d8db114bc8,GME,0.753181,STRONG_BUY,8
2026-08-25,baseline,d8db114bc8,HOOD,0.676132,STRONG_BUY,9
2026-08-25,baseline,d8db114bc8,NFLX,0.56258,STRONG_BUY,10
2026-08-25,baseline,d8db114bc8,KO,0.449417,BUY,11
2026-08-25,baseline,d8db114bc8,ENB,0.333594,BUY,12
2026-08-25,baseline,d8db114bc8,DRAM,0.283672,BUY,13
2026-08-25,baseline,d8db114bc8,MRVU,0.18009,BUY,14
2026-08-25,baseline,d8db114bc8,MU,0.149263,BUY,15
2026-08-25,baseline,d8db114bc8,NBIS,0.107803,BUY,16
2026-08-26,bundle,aa2e590339,BMNR,0.837232,STRONG_BUY,1
2026-08-26,bundle,aa2e590339,ANF,0.755417,STRONG_BUY,2
2026-08-26,bundle,aa2e590339,MSTR,0.687441,STRONG_BUY,3
2026-08-26,bundle,aa2e590339,CAPR,0.638288,STRONG_BUY,4
2026-08-26,bundle,aa2e590339,FCX,0.625311,STRONG_BUY,5
2026-08-26,bundle,aa2e590339,ELF,0.605368,STRONG_BUY,6
2026-08-26,bundle,aa2e590339,NFLX,0.479087,STRONG_BUY,7
2026-08-26,bundle,aa2e590339,CELH,0.462168,STRONG_BUY,8
2026-08-26,bundle,aa2e590339,HOOD,0.43625,BUY,9
2026-08-26,bundle,aa2e590339,ENB,0.280624,BUY,10
2026-08-26,bundle,aa2e590339,HG,0.277402,BUY,11
2026-08-26,bundle,aa2e590339,KO,0.230712,BUY,12
2026-08-26,bundle,aa2e590339,JNJ,0.175639,BUY,13
2026-08-26,bundle,aa2e590339,MRVU,0.109848,BUY,14
2026-08-26,bundle,aa2e590339,LBRX,0.021834,BUY,15
2026-08-26,baseline,d8db114bc8,ROL,1.058392,STRONG_BUY,1
2026-08-26,baseline,d8db114bc8,L,1.016865,STRONG_BUY,2
2026-08-26,baseline,d8db114bc8,BMNR,0.933862,STRONG_BUY,3
2026-08-26,baseline,d8db114bc8,GME,0.813998,STRONG_BUY,4
2026-08-26,baseline,d8db114bc8,ANF,0.807455,STRONG_BUY,5
2026-08-26,baseline,d8db114bc8,MSTR,0.763313,STRONG_BUY,6
2026-08-26,baseline,d8db114bc8,ENB,0.74507,STRONG_BUY,7
2026-08-26,baseline,d8db114bc8,O,0.740628,STRONG_BUY,8
2026-08-26,baseline,d8db114bc8,ELF,0.697749,STRONG_BUY,9
2026-08-26,baseline,d8db114bc8,HG,0.637201,STRONG_BUY,10
2026-08-26,baseline,d8db114bc8,NFLX,0.551635,STRONG_BUY,11
2026-08-26,baseline,d8db114bc8,CELH,0.529318,STRONG_BUY,12
2026-08-26,baseline,d8db114bc8,HOOD,0.49422,BUY,13
2026-08-26,baseline,d8db114bc8,KO,0.260929,BUY,14
2026-08-26,baseline,d8db114bc8,JNJ,0.16384,BUY,15
2026-08-26,baseline,d8db114bc8,MRVU,0.124895,BUY,16
2026-08-26,baseline,d8db114bc8,AIPO,0.110669,BUY,17
2026-08-27,bundle,aa2e590339,FNV,0.920095,STRONG_BUY,1
2026-08-27,bundle,aa2e590339,MSTR,0.870665,STRONG_BUY,2
2026-08-27,bundle,aa2e590339,BMNR,0.777391,STRONG_BUY,3
2026-08-27,bundle,aa2e590339,FCX,0.754302,STRONG_BUY,4
2026-08-27,bundle,aa2e590339,TFPM,0.58278,STRONG_BUY,5
2026-08-27,bundle,aa2e590339,ALM,0.554558,STRONG_BUY,6
2026-08-27,bundle,aa2e590339,RIOT,0.499555,STRONG_BUY,7
2026-08-27,bundle,aa2e590339,HG,0.433217,BUY,8
2026-08-27,bundle,aa2e590339,HOOD,0.229295,BUY,9
2026-08-27,bundle,aa2e590339,LBRX,0.17872,BUY,10
2026-08-27,bundle,aa2e590339,MRVU,0.055326,BUY,11
2026-08-27,bundle,aa2e590339,MRVL,0.03129,BUY,12
2026-08-27,bundle,aa2e590339,KO,0.028531,BUY,13
2026-08-27,baseline,d8db114bc8,CTRE,1.014999,STRONG_BUY,1
2026-08-27,baseline,d8db114bc8,MSTR,0.915947,STRONG_BUY,2
2026-08-27,baseline,d8db114bc8,BMNR,0.8351,STRONG_BUY,3
2026-08-27,baseline,d8db114bc8,GME,0.782295,STRONG_BUY,4
2026-08-27,baseline,d8db114bc8,ATMU,0.755774,STRONG_BUY,5
2026-08-27,baseline,d8db114bc8,UEC,0.733053,STRONG_BUY,6
2026-08-27,baseline,d8db114bc8,CAPR,0.708229,STRONG_BUY,7
2026-08-27,baseline,d8db114bc8,MARA,0.517895,STRONG_BUY,8
2026-08-27,baseline,d8db114bc8,HOOD,0.251872,BUY,9
2026-08-27,baseline,d8db114bc8,LBRX,0.20362,BUY,10
2026-08-27,baseline,d8db114bc8,MRVU,0.043287,BUY,11
2026-08-27,baseline,d8db114bc8,KO,0.02952,BUY,12
2026-08-27,baseline,d8db114bc8,MRVL,0.005076,BUY,13
2026-08-28,bundle,aa2e590339,CRM,0.892449,STRONG_BUY,1
2026-08-28,bundle,aa2e590339,MSTR,0.722769,STRONG_BUY,2
2026-08-28,bundle,aa2e590339,PDD,0.67735,STRONG_BUY,3
2026-08-28,bundle,aa2e590339,UBS,0.661443,STRONG_BUY,4
2026-08-28,bundle,aa2e590339,FCX,0.658197,STRONG_BUY,5
2026-08-28,bundle,aa2e590339,ANF,0.611252,STRONG_BUY,6
2026-08-28,bundle,aa2e590339,BMNR,0.59508,STRONG_BUY,7
2026-08-28,bundle,aa2e590339,ELF,0.485661,STRONG_BUY,8
2026-08-28,bundle,aa2e590339,COKE,0.440503,BUY,9
2026-08-28,bundle,aa2e590339,CELH,0.223689,BUY,10
2026-08-28,bundle,aa2e590339,HOOD,0.184389,BUY,11
2026-08-28,bundle,aa2e590339,JNJ,0.024548,BUY,12
2026-08-28,baseline,d8db114bc8,CTRE,1.010485,STRONG_BUY,1
2026-08-28,baseline,d8db114bc8,TROW,0.985206,STRONG_BUY,2
2026-08-28,baseline,d8db114bc8,HIG,0.91264,STRONG_BUY,3
2026-08-28,baseline,d8db114bc8,ROL,0.911101,STRONG_BUY,4
2026-08-28,baseline,d8db114bc8,PDD,0.797455,STRONG_BUY,5
2026-08-28,baseline,d8db114bc8,MSTR,0.775313,STRONG_BUY,6
2026-08-28,baseline,d8db114bc8,ANF,0.675486,STRONG_BUY,7
2026-08-28,baseline,d8db114bc8,BMNR,0.633835,STRONG_BUY,8
2026-08-28,baseline,d8db114bc8,UBS,0.554698,STRONG_BUY,9
2026-08-28,baseline,d8db114bc8,CELH,0.266328,BUY,10
2026-08-28,baseline,d8db114bc8,HOOD,0.198567,BUY,11
2026-08-31,bundle,aa2e590339,NOW,0.857943,STRONG_BUY,1
2026-08-31,bundle,aa2e590339,UBS,0.732517,STRONG_BUY,2
2026-08-31,bundle,aa2e590339,LNG,0.643289,STRONG_BUY,3
2026-08-31,bundle,aa2e590339,FTNT,0.643073,STRONG_BUY,4
2026-08-31,bundle,aa2e590339,MSTR,0.617104,STRONG_BUY,5
2026-08-31,bundle,aa2e590339,ELF,0.584141,STRONG_BUY,6
2026-08-31,bundle,aa2e590339,BMNR,0.581306,STRONG_BUY,7
2026-08-31,bundle,aa2e590339,PGR,0.514625,STRONG_BUY,8
2026-08-31,bundle,aa2e590339,HG,0.299086,BUY,9
2026-08-31,bundle,aa2e590339,HOOD,0.177043,BUY,10
2026-08-31,bundle,aa2e590339,NFLX,0.118691,BUY,11
2026-08-31,baseline,d8db114bc8,HIG,0.969123,STRONG_BUY,1
2026-08-31,baseline,d8db114bc8,NOW,0.935927,STRONG_BUY,2
2026-08-31,baseline,d8db114bc8,OTIS,0.917962,STRONG_BUY,3
2026-08-31,baseline,d8db114bc8,ROL,0.831133,STRONG_BUY,4
2026-08-31,baseline,d8db114bc8,UBS,0.765887,STRONG_BUY,5
2026-08-31,baseline,d8db114bc8,DECK,0.74723,STRONG_BUY,6
2026-08-31,baseline,d8db114bc8,FTNT,0.737305,STRONG_BUY,7
2026-08-31,baseline,d8db114bc8,LNG,0.731518,STRONG_BUY,8
2026-08-31,baseline,d8db114bc8,ELF,0.672892,STRONG_BUY,9
2026-08-31,baseline,d8db114bc8,MSTR,0.666134,STRONG_BUY,10
2026-08-31,baseline,d8db114bc8,HOOD,0.189591,BUY,11
2026-08-31,baseline,d8db114bc8,NFLX,0.139832,BUY,12
2026-09-01,bundle,aa2e590339,SMR,0.809922,STRONG_BUY,1
2026-09-01,bundle,aa2e590339,GME,0.741907,STRONG_BUY,2
2026-09-01,bundle,aa2e590339,CEG,0.656816,STRONG_BUY,3
2026-09-01,bundle,aa2e590339,MSTR,0.602642,STRONG_BUY,4
2026-09-01,bundle,aa2e590339,SGML,0.558703,STRONG_BUY,5
2026-09-01,bundle,aa2e590339,CAH,0.452047,BUY,6
2026-09-01,bundle,aa2e590339,SOLS,0.451921,BUY,7
2026-09-01,bundle,aa2e590339,BMNR,0.447817,BUY,8
2026-09-01,bundle,aa2e590339,HOOD,0.426329,BUY,9
2026-09-01,bundle,aa2e590339,AAUC,0.294702,BUY,10
2026-09-01,bundle,aa2e590339,HG,0.216105,BUY,11
2026-09-01,baseline,d8db114bc8,SMR,0.91879,STRONG_BUY,1
2026-09-01,baseline,d8db114bc8,GME,0.832802,STRONG_BUY,2
2026-09-01,baseline,d8db114bc8,MSTR,0.658187,STRONG_BUY,3
2026-09-01,baseline,d8db114bc8,SGML,0.639282,STRONG_BUY,4
2026-09-01,baseline,d8db114bc8,ALAB,0.592884,STRONG_BUY,5
2026-09-01,baseline,d8db114bc8,HG,0.592189,STRONG_BUY,6
2026-09-01,baseline,d8db114bc8,SOLS,0.514882,STRONG_BUY,7
2026-09-01,baseline,d8db114bc8,BMNR,0.479904,BUY,8
2026-09-01,baseline,d8db114bc8,HOOD,0.476479,BUY,9
2026-09-01,baseline,d8db114bc8,AAUC,0.342448,BUY,10
2026-09-01,baseline,d8db114bc8,TLN,0.099842,BUY,11
2026-09-02,bundle,aa2e590339,APH,0.892272,STRONG_BUY,1
2026-09-02,bundle,aa2e590339,HG,0.829803,STRONG_BUY,2
2026-09-02,bundle,aa2e590339,SGML,0.775915,STRONG_BUY,3
2026-09-02,bundle,aa2e590339,ASX,0.732266,STRONG_BUY,4
2026-09-02,bundle,aa2e590339,MUFG,0.721079,STRONG_BUY,5
2026-09-02,bundle,aa2e590339,CAH,0.639549,STRONG_BUY,6
2026-09-02,bundle,aa2e590339,TTMI,0.602142,STRONG_BUY,7
2026-09-02,bundle,aa2e590339,CEG,0.562219,STRONG_BUY,8
2026-09-02,bundle,aa2e590339,INTC,0.496791,BUY,9
2026-09-02,bundle,aa2e590339,CFG,0.417304,BUY,10
2026-09-02,bundle,aa2e590339,NVDA,0.414008,BUY,11
2026-09-02,bundle,aa2e590339,HOOD,0.285472,BUY,12
2026-09-02,bundle,aa2e590339,AIPO,0.057413,BUY,13
2026-09-02,baseline,d8db114bc8,ORI,1.129344,STRONG_BUY,1
2026-09-02,baseline,d8db114bc8,BPOP,1.124994,STRONG_BUY,2
2026-09-02,baseline,d8db114bc8,APH,1.014343,STRONG_BUY,3
2026-09-02,baseline,d8db114bc8,SGML,0.879491,STRONG_BUY,4
2026-09-02,baseline,d8db114bc8,MUFG,0.83624,STRONG_BUY,5
2026-09-02,baseline,d8db114bc8,ASX,0.834281,STRONG_BUY,6
2026-09-02,baseline,d8db114bc8,HG,0.804848,STRONG_BUY,7
2026-09-02,baseline,d8db114bc8,TTMI,0.680702,STRONG_BUY,8
2026-09-02,baseline,d8db114bc8,INTC,0.568815,STRONG_BUY,9
2026-09-02,baseline,d8db114bc8,ALAB,0.54153,STRONG_BUY,10
2026-09-02,baseline,d8db114bc8,NVDA,0.50375,STRONG_BUY,11
2026-09-02,baseline,d8db114bc8,CFG,0.493232,BUY,12
2026-09-02,baseline,d8db114bc8,HOOD,0.315078,BUY,13
2026-09-02,baseline,d8db114bc8,SOXX,0.269458,BUY,14
2026-09-02,baseline,d8db114bc8,AIPO,0.101881,BUY,15
2026-09-02,baseline,d8db114bc8,ASMU,0.011634,BUY,16
2026-09-03,bundle,aa2e590339,HOOD,0.989995,STRONG_BUY,1
2026-09-03,bundle,aa2e590339,MS,0.933261,STRONG_BUY,2
2026-09-03,bundle,aa2e590339,ANET,0.869877,STRONG_BUY,3
2026-09-03,bundle,aa2e590339,GDIV,0.846974,STRONG_BUY,4
2026-09-03,bundle,aa2e590339,CAH,0.840394,STRONG_BUY,5
2026-09-03,bundle,aa2e590339,JXN,0.815715,STRONG_BUY,6
2026-09-03,bundle,aa2e590339,ORCL,0.80316,STRONG_BUY,7
2026-09-03,bundle,aa2e590339,HG,0.685288,STRONG_BUY,8
2026-09-03,bundle,aa2e590339,CFG,0.659803,STRONG_BUY,9
2026-09-03,bundle,aa2e590339,NVDA,0.580026,STRONG_BUY,10
2026-09-03,bundle,aa2e590339,INTC,0.511966,STRONG_BUY,11
2026-09-03,bundle,aa2e590339,AIPO,0.376883,BUY,12
2026-09-03,bundle,aa2e590339,NEE,0.230088,BUY,13
2026-09-03,bundle,aa2e590339,JNJ,0.170055,BUY,14
2026-09-03,baseline,d8db114bc8,GSAT,1.342493,STRONG_BUY,1
2026-09-03,baseline,d8db114bc8,BN,1.331009,STRONG_BUY,2
2026-09-03,baseline,d8db114bc8,AME,1.155338,STRONG_BUY,3
2026-09-03,baseline,d8db114bc8,HOOD,1.072417,STRONG_BUY,4
2026-09-03,baseline,d8db114bc8,ANET,1.002173,STRONG_BUY,5
2026-09-03,baseline,d8db114bc8,CARR,0.946609,STRONG_BUY,6
2026-09-03,baseline,d8db114bc8,CAH,0.781713,STRONG_BUY,7
2026-09-03,baseline,d8db114bc8,JXN,0.76581,STRONG_BUY,8
2026-09-03,baseline,d8db114bc8,CFG,0.758472,STRONG_BUY,9
2026-09-03,baseline,d8db114bc8,NVDA,0.678924,STRONG_BUY,10
2026-09-03,baseline,d8db114bc8,HG,0.641808,STRONG_BUY,11
2026-09-03,baseline,d8db114bc8,ALAB,0.591108,STRONG_BUY,12
2026-09-03,baseline,d8db114bc8,INTC,0.579055,STRONG_BUY,13
2026-09-03,baseline,d8db114bc8,AIPO,0.456849,BUY,14
2026-09-03,baseline,d8db114bc8,NEE,0.252824,BUY,15
2026-09-03,baseline,d8db114bc8,SOXX,0.190855,BUY,16
2026-09-03,baseline,d8db114bc8,JNJ,0.161679,BUY,17
2026-09-04,bundle,aa2e590339,TARS,1.041136,STRONG_BUY,1
2026-09-04,bundle,aa2e590339,CEG,0.772782,STRONG_BUY,2
2026-09-04,bundle,aa2e590339,HUT,0.770213,STRONG_BUY,3
2026-09-04,bundle,aa2e590339,RIOT,0.631291,STRONG_BUY,4
2026-09-04,bundle,aa2e590339,ARM,0.597895,STRONG_BUY,5
2026-09-04,bundle,aa2e590339,VRT,0.577628,STRONG_BUY,6
2026-09-04,bundle,aa2e590339,INTC,0.575019,STRONG_BUY,7
2026-09-04,bundle,aa2e590339,NVDA,0.559685,STRONG_BUY,8
2026-09-04,bundle,aa2e590339,SOXX,0.523842,STRONG_BUY,9
2026-09-04,bundle,aa2e590339,NEE,0.479508,BUY,10
2026-09-04,bundle,aa2e590339,CFG,0.472183,BUY,11
2026-09-04,bundle,aa2e590339,AIPO,0.461039,BUY,12
2026-09-04,bundle,aa2e590339,IREN,0.232858,BUY,13
2026-09-04,bundle,aa2e590339,LBRX,0.140281,BUY,14
2026-09-04,bundle,aa2e590339,HOOD,0.105036,BUY,15
2026-09-04,bundle,aa2e590339,MU,0.050029,BUY,16
2026-09-04,bundle,aa2e590339,NBIS,0.014613,BUY,17
2026-09-04,baseline,d8db114bc8,PEG,1.366755,STRONG_BUY,1
2026-09-04,baseline,d8db114bc8,ATO,1.248434,STRONG_BUY,2
2026-09-04,baseline,d8db114bc8,ORLY,0.98276,STRONG_BUY,3
2026-09-04,baseline,d8db114bc8,DTM,0.882171,STRONG_BUY,4
2026-09-04,baseline,d8db114bc8,HUT,0.858327,STRONG_BUY,5
2026-09-04,baseline,d8db114bc8,CEG,0.702786,STRONG_BUY,6
2026-09-04,baseline,d8db114bc8,ARM,0.676277,STRONG_BUY,7
2026-09-04,baseline,d8db114bc8,VRT,0.656016,STRONG_BUY,8
2026-09-04,baseline,d8db114bc8,NVDA,0.650076,STRONG_BUY,9
2026-09-04,baseline,d8db114bc8,INTC,0.647515,STRONG_BUY,10
2026-09-04,baseline,d8db114bc8,SOXX,0.590292,STRONG_BUY,11
2026-09-04,baseline,d8db114bc8,NEE,0.549587,STRONG_BUY,12
2026-09-04,baseline,d8db114bc8,CFG,0.549471,STRONG_BUY,13
2026-09-04,baseline,d8db114bc8,AIPO,0.544213,STRONG_BUY,14
2026-09-04,baseline,d8db114bc8,HOOD,0.098653,BUY,15
2026-09-04,baseline,d8db114bc8,MU,0.04267,BUY,16
2026-09-07,bundle,aa2e590339,TARS,1.041134,STRONG_BUY,1
2026-09-07,bundle,aa2e590339,CEG,0.77327,STRONG_BUY,2
2026-09-07,bundle,aa2e590339,HUT,0.770232,STRONG_BUY,3
2026-09-07,bundle,aa2e590339,RIOT,0.631307,STRONG_BUY,4
2026-09-07,bundle,aa2e590339,ARM,0.597908,STRONG_BUY,5
2026-09-07,bundle,aa2e590339,VRT,0.57767,STRONG_BUY,6
2026-09-07,bundle,aa2e590339,INTC,0.57507,STRONG_BUY,7
2026-09-07,bundle,aa2e590339,NVDA,0.559617,STRONG_BUY,8
2026-09-07,bundle,aa2e590339,SOXX,0.524112,STRONG_BUY,9
2026-09-07,bundle,aa2e590339,NEE,0.480399,BUY,10
2026-09-07,bundle,aa2e590339,CFG,0.472104,BUY,11
2026-09-07,bundle,aa2e590339,AIPO,0.461014,BUY,12
2026-09-07,bundle,aa2e590339,IREN,0.232906,BUY,13
2026-09-07,bundle,aa2e590339,LBRX,0.14028,BUY,14
2026-09-07,bundle,aa2e590339,HOOD,0.105062,BUY,15
2026-09-07,bundle,aa2e590339,MU,0.050109,BUY,16
2026-09-07,bundle,aa2e590339,NBIS,0.014543,BUY,17
2026-09-07,baseline,d8db114bc8,PEG,1.366725,STRONG_BUY,1
2026-09-07,baseline,d8db114bc8,ATO,1.248464,STRONG_BUY,2
2026-09-07,baseline,d8db114bc8,ORI,1.003732,STRONG_BUY,3
2026-09-07,baseline,d8db114bc8,DTM,0.882132,STRONG_BUY,4
2026-09-07,baseline,d8db114bc8,HUT,0.858327,STRONG_BUY,5
2026-09-07,baseline,d8db114bc8,CEG,0.702742,STRONG_BUY,6
2026-09-07,baseline,d8db114bc8,ARM,0.676277,STRONG_BUY,7
2026-09-07,baseline,d8db114bc8,VRT,0.656016,STRONG_BUY,8
2026-09-07,baseline,d8db114bc8,NVDA,0.650076,STRONG_BUY,9
2026-09-07,baseline,d8db114bc8,INTC,0.647515,STRONG_BUY,10
2026-09-07,baseline,d8db114bc8,SOXX,0.590292,STRONG_BUY,11
2026-09-07,baseline,d8db114bc8,NEE,0.549617,STRONG_BUY,12
2026-09-07,baseline,d8db114bc8,CFG,0.549501,STRONG_BUY,13
2026-09-07,baseline,d8db114bc8,AIPO,0.544213,STRONG_BUY,14
2026-09-07,baseline,d8db114bc8,HOOD,0.098653,BUY,15
2026-09-07,baseline,d8db114bc8,MU,0.04264,BUY,16
2026-09-08,bundle,aa2e590339,HUT,0.837353,STRONG_BUY,1
2026-09-08,bundle,aa2e590339,INTC,0.716298,STRONG_BUY,2
2026-09-08,bundle,aa2e590339,SOXX,0.704984,STRONG_BUY,3
2026-09-08,bundle,aa2e590339,IMSR,0.69855,STRONG_BUY,4
2026-09-08,bundle,aa2e590339,VRT,0.681874,STRONG_BUY,5
2026-09-08,bundle,aa2e590339,AIPO,0.599533,STRONG_BUY,6
2026-09-08,bundle,aa2e590339,LEU,0.581069,STRONG_BUY,7
2026-09-08,bundle,aa2e590339,IREN,0.558561,STRONG_BUY,8
2026-09-08,bundle,aa2e590339,CRWV,0.54173,STRONG_BUY,9
2026-09-08,bundle,aa2e590339,NVDA,0.541218,STRONG_BUY,10
2026-09-08,bundle,aa2e590339,MU,0.435455,BUY,11
2026-09-08,bundle,aa2e590339,NEE,0.424183,BUY,12
2026-09-08,bundle,aa2e590339,DRAM,0.410295,BUY,13
2026-09-08,bundle,aa2e590339,CFG,0.298387,BUY,14
2026-09-08,bundle,aa2e590339,ASMU,0.286633,BUY,15
2026-09-08,bundle,aa2e590339,NBIS,0.248152,BUY,16
2026-09-08,bundle,aa2e590339,HOOD,0.158317,BUY,17
2026-09-08,bundle,aa2e590339,LBRX,0.043327,BUY,18
2026-09-08,baseline,d8db114bc8,OKLO,0.873707,STRONG_BUY,1
2026-09-08,baseline,d8db114bc8,INTC,0.796976,STRONG_BUY,2
2026-09-08,baseline,d8db114bc8,SOXX,0.790703,STRONG_BUY,3
2026-09-08,baseline,d8db114bc8,IMSR,0.78649,STRONG_BUY,4
2026-09-08,baseline,d8db114bc8,GLWG,0.778965,STRONG_BUY,5
2026-09-08,baseline,d8db114bc8,DTM,0.773131,STRONG_BUY,6
2026-09-08,baseline,d8db114bc8,VRT,0.713046,STRONG_BUY,7
2026-09-08,baseline,d8db114bc8,AIPO,0.691138,STRONG_BUY,8
2026-09-08,baseline,d8db114bc8,CRWV,0.651251,STRONG_BUY,9
2026-09-08,baseline,d8db114bc8,IREN,0.632528,STRONG_BUY,10
2026-09-08,baseline,d8db114bc8,NVDA,0.628589,STRONG_BUY,11
2026-09-08,baseline,d8db114bc8,LEU,0.624467,STRONG_BUY,12
2026-09-08,baseline,d8db114bc8,NEE,0.48767,BUY,13
2026-09-08,baseline,d8db114bc8,MU,0.467324,BUY,14
2026-09-08,baseline,d8db114bc8,DRAM,0.435014,BUY,15
2026-09-08,baseline,d8db114bc8,CFG,0.359134,BUY,16
2026-09-08,baseline,d8db114bc8,ASMU,0.329858,BUY,17
2026-09-08,baseline,d8db114bc8,NBIS,0.310742,BUY,18
2026-09-08,baseline,d8db114bc8,HOOD,0.168887,BUY,19
2026-09-09,bundle,aa2e590339,AM,0.611509,STRONG_BUY,1
2026-09-09,bundle,aa2e590339,GME,0.536586,STRONG_BUY,2
2026-09-09,bundle,aa2e590339,INTC,0.535175,STRONG_BUY,3
2026-09-09,bundle,aa2e590339,GLWG,0.524828,STRONG_BUY,4
2026-09-09,bundle,aa2e590339,ARM,0.474493,STRONG_BUY,5
2026-09-09,bundle,aa2e590339,ASX,0.47361,BUY,6
2026-09-09,bundle,aa2e590339,SOXX,0.456731,BUY,7
2026-09-09,bundle,aa2e590339,MU,0.43,BUY,8
2026-09-09,bundle,aa2e590339,AIPO,0.32651,BUY,9
2026-09-09,bundle,aa2e590339,DRAM,0.301876,BUY,10
2026-09-09,bundle,aa2e590339,CRWV,0.289482,BUY,11
2026-09-09,bundle,aa2e590339,NVDA,0.28858,BUY,12
2026-09-09,bundle,aa2e590339,CFG,0.276664,BUY,13
2026-09-09,bundle,aa2e590339,IREN,0.24765,BUY,14
2026-09-09,bundle,aa2e590339,NEE,0.202643,BUY,15
2026-09-09,bundle,aa2e590339,NBIS,0.155028,BUY,16
2026-09-09,bundle,aa2e590339,ASMU,0.129445,BUY,17
2026-09-09,baseline,d8db114bc8,ENB,1.253479,STRONG_BUY,1
2026-09-09,baseline,d8db114bc8,CARR,1.067723,STRONG_BUY,2
2026-09-09,baseline,d8db114bc8,CFG,0.847412,STRONG_BUY,3
2026-09-09,baseline,d8db114bc8,RKLB,0.813187,STRONG_BUY,4
2026-09-09,baseline,d8db114bc8,SOBO,0.619385,STRONG_BUY,5
2026-09-09,baseline,d8db114bc8,INTC,0.598324,STRONG_BUY,6
2026-09-09,baseline,d8db114bc8,DTM,0.536297,STRONG_BUY,7
2026-09-09,baseline,d8db114bc8,ARM,0.535105,STRONG_BUY,8
2026-09-09,baseline,d8db114bc8,SOXX,0.512316,STRONG_BUY,9
2026-09-09,baseline,d8db114bc8,MU,0.461538,BUY,10
2026-09-09,baseline,d8db114bc8,AIPO,0.383524,BUY,11
2026-09-09,baseline,d8db114bc8,CRWV,0.354803,BUY,12
2026-09-09,baseline,d8db114bc8,NVDA,0.338399,BUY,13
2026-09-09,baseline,d8db114bc8,DRAM,0.325873,BUY,14
2026-09-09,baseline,d8db114bc8,IREN,0.286317,BUY,15
2026-09-09,baseline,d8db114bc8,NEE,0.241122,BUY,16
2026-09-09,baseline,d8db114bc8,NBIS,0.196836,BUY,17
2026-09-09,baseline,d8db114bc8,ASMU,0.160471,BUY,18
2026-09-10,bundle,aa2e590339,FRO,0.884703,STRONG_BUY,1
2026-09-10,bundle,aa2e590339,TNK,0.702052,STRONG_BUY,2
2026-09-10,bundle,aa2e590339,XOM,0.69803,STRONG_BUY,3
2026-09-10,bundle,aa2e590339,INSW,0.608473,STRONG_BUY,4
2026-09-10,bundle,aa2e590339,GME,0.605792,STRONG_BUY,5
2026-09-10,bundle,aa2e590339,IREN,0.340094,BUY,6
2026-09-10,bundle,aa2e590339,INTC,0.329602,BUY,7
2026-09-10,bundle,aa2e590339,CRWD,0.312699,BUY,8
2026-09-10,bundle,aa2e590339,NVDA,0.286202,BUY,9
2026-09-10,bundle,aa2e590339,SOXX,0.250905,BUY,10
2026-09-10,bundle,aa2e590339,NBIS,0.17168,BUY,11
2026-09-10,bundle,aa2e590339,CFG,0.158639,BUY,12
2026-09-10,bundle,aa2e590339,MU,0.147378,BUY,13
2026-09-10,bundle,aa2e590339,AIPO,0.130991,BUY,14
2026-09-10,bundle,aa2e590339,CRWV,0.12907,BUY,15
2026-09-10,bundle,aa2e590339,DRAM,0.104976,BUY,16
2026-09-10,baseline,d8db114bc8,INDV,0.961203,STRONG_BUY,1
2026-09-10,baseline,d8db114bc8,FRO,0.942912,STRONG_BUY,2
2026-09-10,baseline,d8db114bc8,QBTS,0.828268,STRONG_BUY,3
2026-09-10,baseline,d8db114bc8,RGTI,0.757414,STRONG_BUY,4
2026-09-10,baseline,d8db114bc8,INSW,0.685063,STRONG_BUY,5
2026-09-10,baseline,d8db114bc8,GME,0.64359,STRONG_BUY,6
2026-09-10,baseline,d8db114bc8,RY,0.639681,STRONG_BUY,7
2026-09-10,baseline,d8db114bc8,NEE,0.493948,BUY,8
2026-09-10,baseline,d8db114bc8,IREN,0.396234,BUY,9
2026-09-10,baseline,d8db114bc8,INTC,0.37262,BUY,10
2026-09-10,baseline,d8db114bc8,NVDA,0.343248,BUY,11
2026-09-10,baseline,d8db114bc8,SOXX,0.283612,BUY,12
2026-09-10,baseline,d8db114bc8,NBIS,0.226403,BUY,13
2026-09-10,baseline,d8db114bc8,CFG,0.218403,BUY,14
2026-09-10,baseline,d8db114bc8,AIPO,0.163966,BUY,15
2026-09-10,baseline,d8db114bc8,MU,0.146965,BUY,16
2026-09-10,baseline,d8db114bc8,DRAM,0.102466,BUY,17
2026-09-10,baseline,d8db114bc8,ASMU,0.000823,BUY,18
2026-09-11,bundle,aa2e590339,ATEC,0.966352,STRONG_BUY,1
2026-09-11,bundle,aa2e590339,INSP,0.918804,STRONG_BUY,2
2026-09-11,bundle,aa2e590339,NATL,0.679608,STRONG_BUY,3
2026-09-11,bundle,aa2e590339,GME,0.617307,STRONG_BUY,4
2026-09-11,bundle,aa2e590339,BBVA,0.441991,BUY,5
2026-09-11,bundle,aa2e590339,NEE,0.308238,BUY,6
2026-09-11,bundle,aa2e590339,GOLD,0.306995,BUY,7
2026-09-11,bundle,aa2e590339,IREN,0.27189,BUY,8
2026-09-11,bundle,aa2e590339,CFG,0.226483,BUY,9
2026-09-11,bundle,aa2e590339,INTC,0.212917,BUY,10
2026-09-11,bundle,aa2e590339,CRWV,0.205672,BUY,11
2026-09-11,bundle,aa2e590339,MU,0.182581,BUY,12
2026-09-11,bundle,aa2e590339,NBIS,0.17881,BUY,13
2026-09-11,bundle,aa2e590339,SOXX,0.159822,BUY,14
2026-09-11,bundle,aa2e590339,DRAM,0.136329,BUY,15
2026-09-11,bundle,aa2e590339,AIPO,0.128166,BUY,16
2026-09-11,bundle,aa2e590339,ASMU,0.096911,BUY,17
2026-09-11,bundle,aa2e590339,KO,0.030658,BUY,18
2026-09-11,baseline,d8db114bc8,INDV,1.035713,STRONG_BUY,1
2026-09-11,baseline,d8db114bc8,L,0.961498,STRONG_BUY,2
2026-09-11,baseline,d8db114bc8,ATEC,0.916125,STRONG_BUY,3
2026-09-11,baseline,d8db114bc8,NEE,0.874007,STRONG_BUY,4
2026-09-11,baseline,d8db114bc8,CM,0.789121,STRONG_BUY,5
2026-09-11,baseline,d8db114bc8,RY,0.779614,STRONG_BUY,6
2026-09-11,baseline,d8db114bc8,NATL,0.666218,STRONG_BUY,7
2026-09-11,baseline,d8db114bc8,GME,0.657655,STRONG_BUY,8
2026-09-11,baseline,d8db114bc8,IREN,0.321149,BUY,9
2026-09-11,baseline,d8db114bc8,CFG,0.280122,BUY,10
2026-09-11,baseline,d8db114bc8,CRWV,0.26787,BUY,11
2026-09-11,baseline,d8db114bc8,INTC,0.238828,BUY,12
2026-09-11,baseline,d8db114bc8,NBIS,0.231594,BUY,13
2026-09-11,baseline,d8db114bc8,MU,0.193457,BUY,14
2026-09-11,baseline,d8db114bc8,SOXX,0.176364,BUY,15
2026-09-11,baseline,d8db114bc8,AIPO,0.155039,BUY,16
2026-09-11,baseline,d8db114bc8,DRAM,0.147967,BUY,17
2026-09-11,baseline,d8db114bc8,ASMU,0.130274,BUY,18
2026-09-11,baseline,d8db114bc8,NFLX,0.104811,BUY,19
2026-09-11,baseline,d8db114bc8,KO,0.039197,BUY,20
2026-09-14,bundle,aa2e590339,RBLX,0.987562,STRONG_BUY,1
2026-09-14,bundle,aa2e590339,TEVA,0.899793,STRONG_BUY,2
2026-09-14,bundle,aa2e590339,GME,0.732138,STRONG_BUY,3
2026-09-14,bundle,aa2e590339,TBBB,0.590945,STRONG_BUY,4
2026-09-14,bundle,aa2e590339,IREN,0.548558,STRONG_BUY,5
2026-09-14,bundle,aa2e590339,RIOT,0.471973,STRONG_BUY,6
2026-09-14,bundle,aa2e590339,NEE,0.420291,BUY,7
2026-09-14,bundle,aa2e590339,RDDT,0.372856,BUY,8
2026-09-14,bundle,aa2e590339,MOD,0.361965,BUY,9
2026-09-14,bundle,aa2e590339,MRVU,0.319939,BUY,10
2026-09-14,bundle,aa2e590339,MRVL,0.294798,BUY,11
2026-09-14,bundle,aa2e590339,CFG,0.267511,BUY,12
2026-09-14,bundle,aa2e590339,NBIS,0.180912,BUY,13
2026-09-14,bundle,aa2e590339,HOOD,0.147492,BUY,14
2026-09-14,bundle,aa2e590339,AIPO,0.144813,BUY,15
2026-09-14,bundle,aa2e590339,SOXX,0.125713,BUY,16
2026-09-14,baseline,d8db114bc8,Q,0.84099,STRONG_BUY,1
2026-09-14,baseline,d8db114bc8,CM,0.803345,STRONG_BUY,2
2026-09-14,baseline,d8db114bc8,GME,0.799473,STRONG_BUY,3
2026-09-14,baseline,d8db114bc8,RKLB,0.798819,STRONG_BUY,4
2026-09-14,baseline,d8db114bc8,IRM,0.786432,STRONG_BUY,5
2026-09-14,baseline,d8db114bc8,RY,0.756894,STRONG_BUY,6
2026-09-14,baseline,d8db114bc8,ARM,0.695415,STRONG_BUY,7
2026-09-14,baseline,d8db114bc8,IREN,0.638827,STRONG_BUY,8
2026-09-14,baseline,d8db114bc8,DTM,0.628245,STRONG_BUY,9
2026-09-14,baseline,d8db114bc8,NEE,0.510115,STRONG_BUY,10
2026-09-14,baseline,d8db114bc8,MRVU,0.377754,BUY,11
2026-09-14,baseline,d8db114bc8,MRVL,0.346374,BUY,12
2026-09-14,baseline,d8db114bc8,CFG,0.326851,BUY,13
2026-09-14,baseline,d8db114bc8,NBIS,0.244661,BUY,14
2026-09-14,baseline,d8db114bc8,AIPO,0.191917,BUY,15
2026-09-14,baseline,d8db114bc8,HOOD,0.174381,BUY,16
2026-09-14,baseline,d8db114bc8,SOXX,0.133088,BUY,17
2026-09-15,bundle,aa2e590339,NFE,1.179073,STRONG_BUY,1
2026-09-15,bundle,aa2e590339,TEVA,0.933141,STRONG_BUY,2
2026-09-15,bundle,aa2e590339,FRO,0.728188,STRONG_BUY,3
2026-09-15,bundle,aa2e590339,PM,0.702004,STRONG_BUY,4
2026-09-15,bundle,aa2e590339,MRVU,0.562696,STRONG_BUY,5
2026-09-15,bundle,aa2e590339,MRVL,0.54264,STRONG_BUY,6
2026-09-15,bundle,aa2e590339,GME,0.539655,STRONG_BUY,7
2026-09-15,bundle,aa2e590339,TBBB,0.494566,BUY,8
2026-09-15,bundle,aa2e590339,GOLD,0.416472,BUY,9
2026-09-15,bundle,aa2e590339,CFG,0.360136,BUY,10
2026-09-15,bundle,aa2e590339,IREN,0.307185,BUY,11
2026-09-15,bundle,aa2e590339,KO,0.186407,BUY,12
2026-09-15,bundle,aa2e590339,NBIS,0.179932,BUY,13
2026-09-15,bundle,aa2e590339,SOXX,0.091854,BUY,14
2026-09-15,bundle,aa2e590339,JNJ,0.02014,BUY,15
2026-09-15,baseline,d8db114bc8,NFE,1.35,STRONG_BUY,1
2026-09-15,baseline,d8db114bc8,PKG,1.261441,STRONG_BUY,2
2026-09-15,baseline,d8db114bc8,BYD,1.150734,STRONG_BUY,3
2026-09-15,baseline,d8db114bc8,L,1.132739,STRONG_BUY,4
2026-09-15,baseline,d8db114bc8,WM,1.12052,STRONG_BUY,5
2026-09-15,baseline,d8db114bc8,ENSG,1.05688,STRONG_BUY,6
2026-09-15,baseline,d8db114bc8,IRM,1.02389,STRONG_BUY,7
2026-09-15,baseline,d8db114bc8,POWL,0.690963,STRONG_BUY,8
2026-09-15,baseline,d8db114bc8,MRVU,0.654921,STRONG_BUY,9
2026-09-15,baseline,d8db114bc8,MRVL,0.626918,STRONG_BUY,10
2026-09-15,baseline,d8db114bc8,CFG,0.407214,BUY,11
2026-09-15,baseline,d8db114bc8,IREN,0.36814,BUY,12
2026-09-15,baseline,d8db114bc8,NBIS,0.238875,BUY,13
2026-09-15,baseline,d8db114bc8,KO,0.21165,BUY,14
2026-09-15,baseline,d8db114bc8,AIPO,0.166534,BUY,15
2026-09-15,baseline,d8db114bc8,SOXX,0.076242,BUY,16
2026-09-15,baseline,d8db114bc8,JNJ,0.024658,BUY,17
2026-09-16,bundle,aa2e590339,WAB,0.885057,STRONG_BUY,1
2026-09-16,bundle,aa2e590339,FRO,0.767059,STRONG_BUY,2
2026-09-16,bundle,aa2e590339,RIOT,0.651293,STRONG_BUY,3
2026-09-16,bundle,aa2e590339,MRVU,0.593488,STRONG_BUY,4
2026-09-16,bundle,aa2e590339,SYM,0.590614,STRONG_BUY,5
2026-09-16,bundle,aa2e590339,MRVL,0.570684,STRONG_BUY,6
2026-09-16,bundle,aa2e590339,GME,0.561882,STRONG_BUY,7
2026-09-16,bundle,aa2e590339,GOLD,0.559149,STRONG_BUY,8
2026-09-16,bundle,aa2e590339,INFQ,0.412141,BUY,9
2026-09-16,bundle,aa2e590339,IREN,0.364335,BUY,10
2026-09-16,bundle,aa2e590339,KO,0.350727,BUY,11
2026-09-16,bundle,aa2e590339,INTC,0.294224,BUY,12
2026-09-16,bundle,aa2e590339,SOXX,0.293149,BUY,13
2026-09-16,bundle,aa2e590339,NBIS,0.264833,BUY,14
2026-09-16,bundle,aa2e590339,AIPO,0.225984,BUY,15
2026-09-16,bundle,aa2e590339,DRAM,0.043287,BUY,16
2026-09-16,baseline,d8db114bc8,XYL,1.325606,STRONG_BUY,1
2026-09-16,baseline,d8db114bc8,BYD,1.210355,STRONG_BUY,2
2026-09-16,baseline,d8db114bc8,IRM,1.072146,STRONG_BUY,3
2026-09-16,baseline,d8db114bc8,WAB,1.034045,STRONG_BUY,4
2026-09-16,baseline,d8db114bc8,GSAT,0.999243,STRONG_BUY,5
2026-09-16,baseline,d8db114bc8,IONQ,0.86501,STRONG_BUY,6
2026-09-16,baseline,d8db114bc8,RIOT,0.731921,STRONG_BUY,7
2026-09-16,baseline,d8db114bc8,MRVU,0.684674,STRONG_BUY,8
2026-09-16,baseline,d8db114bc8,KO,0.660984,STRONG_BUY,9
2026-09-16,baseline,d8db114bc8,MRVL,0.65474,STRONG_BUY,10
2026-09-16,baseline,d8db114bc8,IREN,0.430788,BUY,11
2026-09-16,baseline,d8db114bc8,INFQ,0.415762,BUY,12
2026-09-16,baseline,d8db114bc8,NBIS,0.336285,BUY,13
2026-09-16,baseline,d8db114bc8,INTC,0.315895,BUY,14
2026-09-16,baseline,d8db114bc8,SOXX,0.288024,BUY,15
2026-09-16,baseline,d8db114bc8,AIPO,0.274257,BUY,16
2026-09-16,baseline,d8db114bc8,DRAM,0.040921,BUY,17
2026-09-17,bundle,aa2e590339,INFQ,0.760187,STRONG_BUY,1
2026-09-17,bundle,aa2e590339,GME,0.70935,STRONG_BUY,2
2026-09-17,bundle,aa2e590339,CRWD,0.644435,STRONG_BUY,3
2026-09-17,bundle,aa2e590339,GOLD,0.608096,STRONG_BUY,4
2026-09-17,bundle,aa2e590339,MRVU,0.592776,STRONG_BUY,5
2026-09-17,bundle,aa2e590339,ARM,0.586583,STRONG_BUY,6
2026-09-17,bundle,aa2e590339,MRVL,0.572226,STRONG_BUY,7
2026-09-17,bundle,aa2e590339,RIOT,0.559966,STRONG_BUY,8
2026-09-17,bundle,aa2e590339,ANET,0.521498,STRONG_BUY,9
2026-09-17,bundle,aa2e590339,INTC,0.488365,BUY,10
2026-09-17,bundle,aa2e590339,SOXX,0.461267,BUY,11
2026-09-17,bundle,aa2e590339,KO,0.377054,BUY,12
2026-09-17,bundle,aa2e590339,AIPO,0.27023,BUY,13
2026-09-17,bundle,aa2e590339,NBIS,0.249673,BUY,14
2026-09-17,bundle,aa2e590339,IREN,0.137664,BUY,15
2026-09-17,bundle,aa2e590339,DRAM,0.070235,BUY,16
2026-09-17,bundle,aa2e590339,MU,0.021078,BUY,17
2026-09-17,baseline,d8db114bc8,WAB,1.161172,STRONG_BUY,1
2026-09-17,baseline,d8db114bc8,GSAT,1.026049,STRONG_BUY,2
2026-09-17,baseline,d8db114bc8,GRMN,1.022041,STRONG_BUY,3
2026-09-17,baseline,d8db114bc8,KO,0.938054,STRONG_BUY,4
2026-09-17,baseline,d8db114bc8,GME,0.759857,STRONG_BUY,5
2026-09-17,baseline,d8db114bc8,CRWD,0.72896,STRONG_BUY,6
2026-09-17,baseline,d8db114bc8,INFQ,0.685125,STRONG_BUY,7
2026-09-17,baseline,d8db114bc8,MRVU,0.684121,STRONG_BUY,8
2026-09-17,baseline,d8db114bc8,MRVL,0.655454,STRONG_BUY,9
2026-09-17,baseline,d8db114bc8,CRDO,0.653365,STRONG_BUY,10
2026-09-17,baseline,d8db114bc8,ARM,0.583305,STRONG_BUY,11
2026-09-17,baseline,d8db114bc8,INTC,0.512084,STRONG_BUY,12
2026-09-17,baseline,d8db114bc8,SOXX,0.474715,BUY,13
2026-09-17,baseline,d8db114bc8,AIPO,0.316086,BUY,14
2026-09-17,baseline,d8db114bc8,NBIS,0.312702,BUY,15
2026-09-17,baseline,d8db114bc8,IREN,0.170184,BUY,16
2026-09-17,baseline,d8db114bc8,JNJ,0.112288,BUY,17
2026-09-17,baseline,d8db114bc8,DRAM,0.070513,BUY,18
2026-09-18,bundle,aa2e590339,SOXX,0.695037,STRONG_BUY,1
2026-09-18,bundle,aa2e590339,ARM,0.653896,STRONG_BUY,2
2026-09-18,bundle,aa2e590339,GOLD,0.653331,STRONG_BUY,3
2026-09-18,bundle,aa2e590339,RMBS,0.642639,STRONG_BUY,4
2026-09-18,bundle,aa2e590339,MARA,0.584871,STRONG_BUY,5
2026-09-18,bundle,aa2e590339,GME,0.562038,STRONG_BUY,6
2026-09-18,bundle,aa2e590339,AXTI,0.507071,STRONG_BUY,7
2026-09-18,bundle,aa2e590339,INFQ,0.502869,STRONG_BUY,8
2026-09-18,bundle,aa2e590339,AMAT,0.492934,BUY,9
2026-09-18,bundle,aa2e590339,ASX,0.485122,BUY,10
2026-09-18,bundle,aa2e590339,MRVU,0.460767,STRONG_BUY,11
2026-09-18,bundle,aa2e590339,INTC,0.441955,BUY,12
2026-09-18,bundle,aa2e590339,KLAC,0.400981,BUY,13
2026-09-18,bundle,aa2e590339,FTNT,0.392738,BUY,14
2026-09-18,bundle,aa2e590339,DRAM,0.257445,BUY,15
2026-09-18,bundle,aa2e590339,KO,0.250496,BUY,16
2026-09-18,bundle,aa2e590339,CRWD,0.226495,BUY,17
2026-09-18,bundle,aa2e590339,LRCX,0.183599,BUY,18
2026-09-18,bundle,aa2e590339,NBIS,0.173633,BUY,19
2026-09-18,bundle,aa2e590339,IREN,0.080047,BUY,20
2026-09-18,baseline,d8db114bc8,WAB,1.106735,STRONG_BUY,1
2026-09-18,baseline,d8db114bc8,GSAT,0.865867,STRONG_BUY,2
2026-09-18,baseline,d8db114bc8,KO,0.728488,STRONG_BUY,3
2026-09-18,baseline,d8db114bc8,RMBS,0.676834,STRONG_BUY,4
2026-09-18,baseline,d8db114bc8,GOLD,0.662301,STRONG_BUY,5
2026-09-18,baseline,d8db114bc8,AMAT,0.637378,STRONG_BUY,6
2026-09-18,baseline,d8db114bc8,MARA,0.624762,STRONG_BUY,7
2026-09-18,baseline,d8db114bc8,ONTO,0.604988,STRONG_BUY,8
2026-09-18,baseline,d8db114bc8,GME,0.5983,STRONG_BUY,9
2026-09-18,baseline,d8db114bc8,SOXX,0.590775,STRONG_BUY,10
2026-09-18,baseline,d8db114bc8,AXTI,0.556578,STRONG_BUY,11
2026-09-18,baseline,d8db114bc8,MRVU,0.536752,STRONG_BUY,12
2026-09-18,baseline,d8db114bc8,KLAC,0.466703,BUY,13
2026-09-18,baseline,d8db114bc8,INTC,0.461642,BUY,14
2026-09-18,baseline,d8db114bc8,INFQ,0.397612,BUY,15
2026-09-18,baseline,d8db114bc8,DRAM,0.272884,BUY,16
2026-09-18,baseline,d8db114bc8,CRWD,0.253953,BUY,17
2026-09-18,baseline,d8db114bc8,LRCX,0.221525,BUY,18
2026-09-18,baseline,d8db114bc8,NBIS,0.208037,BUY,19
2026-09-18,baseline,d8db114bc8,MU,0.190294,BUY,20
2026-09-18,baseline,d8db114bc8,IREN,0.093222,BUY,21
2026-09-18,baseline,d8db114bc8,WULF,0.062587,BUY,22
2026-09-21,bundle,aa2e590339,ARM,0.881676,STRONG_BUY,1
2026-09-21,bundle,aa2e590339,MARA,0.821805,STRONG_BUY,2
2026-09-21,bundle,aa2e590339,RMBS,0.783856,STRONG_BUY,3
2026-09-21,bundle,aa2e590339,INTC,0.758154,STRONG_BUY,4
2026-09-21,bundle,aa2e590339,MRNA,0.670059,STRONG_BUY,5
2026-09-21,bundle,aa2e590339,ASX,0.618507,STRONG_BUY,6
2026-09-21,bundle,aa2e590339,GME,0.579237,STRONG_BUY,7
2026-09-21,bundle,aa2e590339,INFQ,0.558453,STRONG_BUY,8
2026-09-21,bundle,aa2e590339,SOXX,0.487397,BUY,9
2026-09-21,bundle,aa2e590339,FTNT,0.46571,BUY,10
2026-09-21,bundle,aa2e590339,TBBB,0.46021,BUY,11
2026-09-21,bundle,aa2e590339,CRWD,0.448018,BUY,12
2026-09-21,bundle,aa2e590339,ONTO,0.403153,BUY,13
2026-09-21,bundle,aa2e590339,AMAT,0.402139,BUY,14
2026-09-21,bundle,aa2e590339,PLTR,0.383736,BUY,15
2026-09-21,bundle,aa2e590339,ANET,0.338285,BUY,16
2026-09-21,bundle,aa2e590339,MRVU,0.300608,BUY,17
2026-09-21,bundle,aa2e590339,LRCX,0.104681,BUY,18
2026-09-21,bundle,aa2e590339,WULF,0.050661,BUY,19
2026-09-21,baseline,d8db114bc8,SPG,1.145143,STRONG_BUY,1
2026-09-21,baseline,d8db114bc8,DRUG,1.114818,STRONG_BUY,2
2026-09-21,baseline,d8db114bc8,LOAR,0.918979,STRONG_BUY,3
2026-09-21,baseline,d8db114bc8,ARM,0.885627,STRONG_BUY,4
2026-09-21,baseline,d8db114bc8,RMBS,0.836734,STRONG_BUY,5
2026-09-21,baseline,d8db114bc8,INTC,0.807164,STRONG_BUY,6
2026-09-21,baseline,d8db114bc8,MARA,0.700297,STRONG_BUY,7
2026-09-21,baseline,d8db114bc8,PHYS,0.681863,STRONG_BUY,8
2026-09-21,baseline,d8db114bc8,ASX,0.674256,STRONG_BUY,9
2026-09-21,baseline,d8db114bc8,GME,0.621078,STRONG_BUY,10
2026-09-21,baseline,d8db114bc8,FTNT,0.530805,STRONG_BUY,11
2026-09-21,baseline,d8db114bc8,CRWD,0.507631,STRONG_BUY,12
2026-09-21,baseline,d8db114bc8,SOXX,0.505917,STRONG_BUY,13
2026-09-21,baseline,d8db114bc8,AMAT,0.484368,BUY,14
2026-09-21,baseline,d8db114bc8,INFQ,0.464265,STRONG_BUY,15
2026-09-21,baseline,d8db114bc8,ONTO,0.409048,BUY,16
2026-09-21,baseline,d8db114bc8,MRVU,0.348031,BUY,17
2026-09-21,baseline,d8db114bc8,LRCX,0.118786,BUY,18
2026-09-21,baseline,d8db114bc8,WULF,0.05537,BUY,19
2026-09-22,bundle,aa2e590339,GME,0.887372,STRONG_BUY,1
2026-09-22,bundle,aa2e590339,RMBS,0.742469,STRONG_BUY,2
2026-09-22,bundle,aa2e590339,MRNA,0.679782,STRONG_BUY,3
2026-09-22,bundle,aa2e590339,BMNR,0.672401,STRONG_BUY,4
2026-09-22,bundle,aa2e590339,MSTR,0.584867,STRONG_BUY,5
2026-09-22,bundle,aa2e590339,PLTR,0.567796,STRONG_BUY,6
2026-09-22,bundle,aa2e590339,CRWD,0.522161,STRONG_BUY,7
2026-09-22,bundle,aa2e590339,SOXX,0.476903,BUY,8
2026-09-22,bundle,aa2e590339,AAUC,0.40154,BUY,9
2026-09-22,bundle,aa2e590339,ASX,0.3842,BUY,10
2026-09-22,bundle,aa2e590339,MU,0.351549,BUY,11
2026-09-22,bundle,aa2e590339,INTC,0.342858,BUY,12
2026-09-22,bundle,aa2e590339,MRVU,0.323464,BUY,13
2026-09-22,bundle,aa2e590339,ONTO,0.257432,BUY,14
2026-09-22,bundle,aa2e590339,AMAT,0.21665,BUY,15
2026-09-22,baseline,d8db114bc8,LYV,1.227788,STRONG_BUY,1
2026-09-22,baseline,d8db114bc8,NATL,0.94407,STRONG_BUY,2
2026-09-22,baseline,d8db114bc8,GME,0.930042,STRONG_BUY,3
2026-09-22,baseline,d8db114bc8,MRNA,0.769654,STRONG_BUY,4
2026-09-22,baseline,d8db114bc8,MSTR,0.662928,STRONG_BUY,5
2026-09-22,baseline,d8db114bc8,HWM,0.662512,STRONG_BUY,6
2026-09-22,baseline,d8db114bc8,CRWD,0.593484,STRONG_BUY,7
2026-09-22,baseline,d8db114bc8,BMNR,0.586378,STRONG_BUY,8
2026-09-22,baseline,d8db114bc8,SOXX,0.49848,BUY,9
2026-09-22,baseline,d8db114bc8,AAUC,0.460457,BUY,10
2026-09-22,baseline,d8db114bc8,ASX,0.409928,BUY,11
2026-09-22,baseline,d8db114bc8,MU,0.388707,BUY,12
2026-09-22,baseline,d8db114bc8,MRVU,0.371667,BUY,13
2026-09-22,baseline,d8db114bc8,INTC,0.354565,BUY,14
2026-09-22,baseline,d8db114bc8,AMAT,0.25286,BUY,15
2026-09-22,baseline,d8db114bc8,ONTO,0.236425,BUY,16
2026-09-23,bundle,aa2e590339,CRWD,0.691252,STRONG_BUY,1
2026-09-23,bundle,aa2e590339,MRNA,0.612058,STRONG_BUY,2
2026-09-23,bundle,aa2e590339,MSTR,0.610202,STRONG_BUY,3
2026-09-23,bundle,aa2e590339,IONQ,0.588745,STRONG_BUY,4
2026-09-23,bundle,aa2e590339,PLTR,0.572675,STRONG_BUY,5
2026-09-23,bundle,aa2e590339,GME,0.543248,STRONG_BUY,6
2026-09-23,bundle,aa2e590339,CELH,0.448262,BUY,7
2026-09-23,bundle,aa2e590339,MRVU,0.307273,BUY,8
2026-09-23,bundle,aa2e590339,SOXX,0.299862,BUY,9
2026-09-23,bundle,aa2e590339,AMAT,0.288611,BUY,10
2026-09-23,bundle,aa2e590339,ASX,0.242943,BUY,11
2026-09-23,bundle,aa2e590339,AAUC,0.235724,BUY,12
2026-09-23,bundle,aa2e590339,ONTO,0.227097,BUY,13
2026-09-23,bundle,aa2e590339,LRCX,0.021254,BUY,14
2026-09-23,baseline,d8db114bc8,LYV,1.23616,STRONG_BUY,1
2026-09-23,baseline,d8db114bc8,CRL,1.113581,STRONG_BUY,2
2026-09-23,baseline,d8db114bc8,PDD,0.985641,STRONG_BUY,3
2026-09-23,baseline,d8db114bc8,PHYS,0.92305,STRONG_BUY,4
2026-09-23,baseline,d8db114bc8,CRWD,0.781359,STRONG_BUY,5
2026-09-23,baseline,d8db114bc8,MRNA,0.707231,STRONG_BUY,6
2026-09-23,baseline,d8db114bc8,MSTR,0.699151,STRONG_BUY,7
2026-09-23,baseline,d8db114bc8,PLTR,0.636847,STRONG_BUY,8
2026-09-23,baseline,d8db114bc8,HWM,0.611889,STRONG_BUY,9
2026-09-23,baseline,d8db114bc8,MRVU,0.356726,BUY,10
2026-09-23,baseline,d8db114bc8,AMAT,0.329685,BUY,11
2026-09-23,baseline,d8db114bc8,SOXX,0.282223,BUY,12
2026-09-23,baseline,d8db114bc8,ASX,0.246978,BUY,13
2026-09-23,baseline,d8db114bc8,ONTO,0.202124,BUY,14
2026-09-23,baseline,d8db114bc8,LRCX,0.021264,BUY,15
2026-09-24,bundle,aa2e590339,TSSI,0.924926,STRONG_BUY,1
2026-09-24,bundle,aa2e590339,INTC,0.77045,STRONG_BUY,2
2026-09-24,bundle,aa2e590339,MOD,0.690763,STRONG_BUY,3
2026-09-24,bundle,aa2e590339,MRNA,0.685814,STRONG_BUY,4
2026-09-24,bundle,aa2e590339,MSTR,0.669271,STRONG_BUY,5
2026-09-24,bundle,aa2e590339,SMCI,0.646196,STRONG_BUY,6
2026-09-24,bundle,aa2e590339,AMD,0.645426,STRONG_BUY,7
2026-09-24,bundle,aa2e590339,CRWD,0.626217,STRONG_BUY,8
2026-09-24,bundle,aa2e590339,INFQ,0.592191,STRONG_BUY,9
2026-09-24,bundle,aa2e590339,LRCX,0.55716,STRONG_BUY,10
2026-09-24,bundle,aa2e590339,MU,0.5056,STRONG_BUY,11
2026-09-24,bundle,aa2e590339,SOXX,0.504522,STRONG_BUY,12
2026-09-24,bundle,aa2e590339,AMAT,0.475951,BUY,13
2026-09-24,bundle,aa2e590339,NVDA,0.381761,BUY,14
2026-09-24,bundle,aa2e590339,KLAC,0.318882,BUY,15
2026-09-24,bundle,aa2e590339,NBIS,0.243672,BUY,16
2026-09-24,bundle,aa2e590339,ONTO,0.21308,BUY,17
2026-09-24,bundle,aa2e590339,DRAM,0.13785,BUY,18
2026-09-24,bundle,aa2e590339,MRVU,0.118175,BUY,19
2026-09-24,baseline,d8db114bc8,DECK,1.164381,STRONG_BUY,1
2026-09-24,baseline,d8db114bc8,TSSI,1.010187,STRONG_BUY,2
2026-09-24,baseline,d8db114bc8,INTC,0.846148,STRONG_BUY,3
2026-09-24,baseline,d8db114bc8,MRNA,0.78536,STRONG_BUY,4
2026-09-24,baseline,d8db114bc8,MSTR,0.77017,STRONG_BUY,5
2026-09-24,baseline,d8db114bc8,SMCI,0.717118,STRONG_BUY,6
2026-09-24,baseline,d8db114bc8,CRWD,0.713148,STRONG_BUY,7
2026-09-24,baseline,d8db114bc8,AMD,0.693857,STRONG_BUY,8
2026-09-24,baseline,d8db114bc8,MOD,0.679585,STRONG_BUY,9
2026-09-24,baseline,d8db114bc8,LRCX,0.635561,STRONG_BUY,10
2026-09-24,baseline,d8db114bc8,SOXX,0.54793,STRONG_BUY,11
2026-09-24,baseline,d8db114bc8,AMAT,0.543984,STRONG_BUY,12
2026-09-24,baseline,d8db114bc8,INFQ,0.496173,STRONG_BUY,13
2026-09-24,baseline,d8db114bc8,KLAC,0.360308,BUY,14
2026-09-24,baseline,d8db114bc8,NBIS,0.246902,BUY,15
2026-09-24,baseline,d8db114bc8,ONTO,0.187847,BUY,16
2026-09-24,baseline,d8db114bc8,MRVU,0.143013,BUY,17
2026-09-24,baseline,d8db114bc8,DRAM,0.133242,BUY,18
2026-09-24,baseline,d8db114bc8,MU,0.072001,BUY,19
2026-09-25,bundle,aa2e590339,OKLO,0.691166,STRONG_BUY,1
2026-09-25,bundle,aa2e590339,MRNA,0.642229,STRONG_BUY,2
2026-09-25,bundle,aa2e590339,LRCX,0.59482,STRONG_BUY,3
2026-09-25,bundle,aa2e590339,MU,0.560656,STRONG_BUY,4
2026-09-25,bundle,aa2e590339,TBBB,0.553699,STRONG_BUY,5
2026-09-25,bundle,aa2e590339,INFQ,0.542048,STRONG_BUY,6
2026-09-25,bundle,aa2e590339,AMD,0.498114,BUY,7
2026-09-25,bundle,aa2e590339,MSTR,0.476391,BUY,8
2026-09-25,bundle,aa2e590339,NVDA,0.465633,BUY,9
2026-09-25,bundle,aa2e590339,AMAT,0.460111,BUY,10
2026-09-25,bundle,aa2e590339,ARM,0.425796,BUY,11
2026-09-25,bundle,aa2e590339,ASX,0.415189,BUY,12
2026-09-25,bundle,aa2e590339,SOXX,0.409193,BUY,13
2026-09-25,bundle,aa2e590339,KLAC,0.404125,BUY,14
2026-09-25,bundle,aa2e590339,INTC,0.401185,BUY,15
2026-09-25,bundle,aa2e590339,MRVU,0.36994,BUY,16
2026-09-25,bundle,aa2e590339,CRDO,0.360742,BUY,17
2026-09-25,bundle,aa2e590339,DRAM,0.31221,BUY,18
2026-09-25,bundle,aa2e590339,AKAM,0.26841,BUY,19
2026-09-25,bundle,aa2e590339,NBIS,0.239371,BUY,20
2026-09-25,bundle,aa2e590339,ONTO,0.224859,BUY,21
2026-09-25,baseline,d8db114bc8,GDIV,0.994929,STRONG_BUY,1
2026-09-25,baseline,d8db114bc8,USAR,0.967896,STRONG_BUY,2
2026-09-25,baseline,d8db114bc8,OKLO,0.807625,STRONG_BUY,3
2026-09-25,baseline,d8db114bc8,MRNA,0.731514,STRONG_BUY,4
2026-09-25,baseline,d8db114bc8,LEU,0.700409,STRONG_BUY,5
2026-09-25,baseline,d8db114bc8,LRCX,0.677686,STRONG_BUY,6
2026-09-25,baseline,d8db114bc8,TBBB,0.586892,STRONG_BUY,7
2026-09-25,baseline,d8db114bc8,AMD,0.533862,STRONG_BUY,8
2026-09-25,baseline,d8db114bc8,AMAT,0.526263,STRONG_BUY,9
2026-09-25,baseline,d8db114bc8,NVDA,0.479344,BUY,10
2026-09-25,baseline,d8db114bc8,KLAC,0.460387,STRONG_BUY,11
2026-09-25,baseline,d8db114bc8,ASX,0.455204,BUY,12
2026-09-25,baseline,d8db114bc8,INFQ,0.445926,BUY,13
2026-09-25,baseline,d8db114bc8,INTC,0.437501,BUY,14
2026-09-25,baseline,d8db114bc8,ARM,0.434366,BUY,15
2026-09-25,baseline,d8db114bc8,MRVU,0.411126,BUY,16
2026-09-25,baseline,d8db114bc8,DRAM,0.348866,BUY,17
2026-09-25,baseline,d8db114bc8,AKAM,0.275193,BUY,18
2026-09-25,baseline,d8db114bc8,NBIS,0.268102,BUY,19
2026-09-25,baseline,d8db114bc8,ONTO,0.202845,BUY,20
2026-09-25,baseline,d8db114bc8,MU,0.131226,BUY,21
